student_id,branch,year,gender,coding_hours_per_week,problems_solved,github_commits,projects_completed,sleep_hours,attendance_pct,cgpa,internship_done,placed,package_lpa
S1000,IT,1,Male,13.8,87,106,3,4.9,69.2,6.69,No,No,
S1001,CIVIL,3,Male,11.8,97,141,2,6.4,91.1,6.09,Yes,Yes,6.04
S1002,EEE,4,Female,12.1,91,134,2,6.8,81.3,5.33,No,Yes,6.66
S1003,ECE,3,Male,2.9,90,111,2,5.9,77.9,6.16,No,No,
S1004,CSE,4,Male,14.5,84,103,5,6.3,69.8,7.88,No,Yes,7.31
S1005,CSE,3,Female,10.2,91,109,1,5.3,57.2,5.77,No,No,
S1006,CSE,3,Male,7.3,93,120,3,6.9,71.6,7.08,No,No,
S1007,MECH,4,Female,9.6,100,104,1,8.0,93.1,5.99,No,No,
S1008,ECE,2,Male,1.0,99,119,1,5.6,78.0,6.24,No,Yes,4.33
S1009,EEE,3,Male,10.8,83,131,7,6.1,80.3,7.64,No,Yes,7.72
S1010,CSE,2,Male,4.4,98,131,6,7.4,88.6,6.43,No,No,
S1011,CIVIL,4,Male,2.9,92,122,1,8.1,100.0,6.42,No,No,
S1012,MECH,4,Female,2.1,82,117,5,5.2,95.3,6.36,No,Yes,7.97
S1013,CSE,1,Male,14.0,84,125,3,6.6,72.3,7.36,No,Yes,4.52
S1014,CSE,3,Male,6.2,86,124,2,7.1,62.6,6.58,Yes,Yes,5.92
S1015,CSE,4,Male,15.9,96,137,3,6.7,100.0,7.14,No,Yes,6.94
S1016,IT,1,Male,6.6,108,102,3,4.1,100.0,7.73,No,Yes,4.01
S1017,ECE,3,Female,1.3,90,129,4,7.4,83.9,6.91,No,No,
S1018,IT,4,Male,4.0,96,120,6,8.5,69.3,6.33,Yes,Yes,8.19
S1019,CSE,1,Female,14.6,97,112,3,6.9,91.6,6.97,No,No,
S1020,ECE,3,Female,8.3,92,136,3,5.7,80.9,6.64,Yes,Yes,9.24
S1021,CSE,2,Male,6.5,83,126,5,6.2,80.9,6.84,No,No,
S1022,CSE,4,Female,9.7,93,102,0,8.7,90.9,8.13,Yes,Yes,8.28
S1023,IT,4,Male,11.3,103,114,5,7.8,85.3,7.31,No,Yes,8.15
S1024,IT,4,Male,14.0,106,111,2,7.5,70.1,5.53,No,No,
S1025,EEE,3,Male,15.5,94,112,1,7.2,78.8,6.46,No,Yes,3.26
S1026,CSE,4,Female,7.4,106,106,4,6.1,88.6,5.56,No,No,
S1027,IT,4,Female,3.0,82,122,4,6.6,87.1,6.33,Yes,Yes,6.95
S1028,ECE,2,Male,7.1,126,115,5,6.7,84.6,5.66,No,Yes,7.33
S1029,CSE,4,Female,10.2,102,136,2,7.4,91.3,6.17,Yes,No,
S1030,ECE,1,Male,4.7,92,114,2,8.5,78.4,5.43,No,No,
S1031,CSE,3,Male,4.7,97,107,4,8.0,83.8,6.9,No,No,
S1032,CSE,2,Male,10.5,100,115,4,5.2,50.0,6.82,No,Yes,8.91
S1033,CIVIL,1,Female,8.8,79,111,3,7.0,77.5,6.86,No,No,
S1034,CIVIL,1,Male,9.1,88,106,1,7.6,89.6,6.47,No,No,
S1035,MECH,3,Male,5.6,93,124,1,7.5,78.1,5.46,Yes,Yes,5.19
S1036,IT,2,Male,8.0,92,122,1,6.1,77.3,6.8,No,Yes,7.62
S1037,CSE,3,Male,4.8,98,125,1,10.0,71.6,7.57,Yes,Yes,7.64
S1038,ECE,1,Male,13.0,92,134,4,5.4,92.0,7.3,Yes,Yes,8.91
S1039,IT,2,Male,13.7,93,126,3,5.6,87.5,6.68,No,Yes,7.42
S1040,CSE,3,Female,0.7,105,116,4,7.1,90.3,5.59,No,Yes,5.59
S1041,IT,4,Male,4.8,97,121,3,9.1,64.7,5.91,Yes,Yes,5.55
S1042,CSE,2,Male,2.3,104,130,3,5.9,80.4,6.75,No,Yes,6.47
S1043,CIVIL,3,Male,6.1,105,126,3,6.5,79.2,7.32,No,Yes,8.38
S1044,CSE,4,Female,8.6,104,122,0,8.0,79.2,6.61,No,No,
S1045,ECE,3,Female,2.5,92,125,6,6.8,75.8,7.24,No,Yes,8.44
S1046,IT,2,Male,4.9,96,131,4,6.4,78.5,7.1,No,No,
S1047,ECE,1,Female,4.5,86,122,1,7.4,90.5,6.66,No,No,
S1048,ECE,4,Male,9.9,97,116,6,7.1,62.9,6.6,No,Yes,8.97
S1049,CSE,1,Male,9.3,75,119,1,7.9,99.8,6.66,No,No,
S1050,CIVIL,4,Male,5.8,103,140,3,8.2,86.8,6.08,No,No,
S1051,EEE,3,Male,9.8,87,125,6,7.1,81.6,7.06,No,Yes,8.1
S1052,CIVIL,4,Male,6.5,78,103,3,7.1,91.1,6.81,Yes,Yes,7.0
S1053,MECH,4,Female,7.8,84,127,1,7.0,67.5,7.5,Yes,Yes,6.36
S1054,ECE,4,Female,16.5,86,133,4,7.3,75.4,6.28,Yes,No,
S1055,CIVIL,2,Female,15.0,73,102,1,6.9,80.8,7.05,No,No,
S1056,CSE,4,Male,3.2,95,111,4,6.8,95.7,7.58,Yes,Yes,6.36
S1057,CSE,2,Male,12.7,92,129,5,8.1,81.5,7.59,No,Yes,7.76
S1058,CSE,3,Female,12.7,83,132,1,8.5,86.5,7.22,No,Yes,5.89
S1059,IT,3,Male,3.8,76,123,2,5.1,76.1,6.71,No,No,
S1060,IT,4,Male,12.7,97,115,5,6.8,86.9,7.97,No,Yes,9.85
S1061,CSE,4,Male,15.9,108,119,9,6.0,98.8,7.03,No,Yes,7.23
S1062,MECH,4,Female,3.9,120,141,5,6.5,92.0,5.91,Yes,Yes,9.39
S1063,IT,2,Male,4.9,80,107,4,7.2,81.2,6.6,Yes,Yes,6.87
S1064,CSE,2,Male,13.6,85,143,4,7.5,88.8,5.63,No,Yes,5.23
S1065,ECE,3,Female,10.2,99,108,4,6.7,87.8,7.72,No,Yes,8.65
S1066,CSE,2,Male,11.5,89,122,3,4.7,87.1,7.64,No,No,
S1067,MECH,1,Male,10.5,84,126,2,5.7,93.1,6.42,Yes,Yes,6.86
S1068,CSE,2,Male,10.8,82,113,2,7.8,93.0,6.47,No,No,
S1069,CIVIL,2,Male,3.0,87,113,7,4.0,80.7,6.79,No,Yes,6.15
S1070,EEE,2,Female,13.7,117,132,4,8.1,88.4,7.17,No,Yes,8.75
S1071,CSE,2,Male,14.3,92,113,3,7.4,78.2,7.04,No,Yes,6.85
S1072,CSE,1,Male,8.0,78,108,1,8.2,72.8,6.78,No,Yes,4.34
S1073,MECH,1,Female,8.8,100,135,1,6.6,79.3,6.42,No,No,
S1074,EEE,4,Female,2.1,92,104,2,4.5,81.2,6.93,No,Yes,4.74
S1075,EEE,2,Female,11.3,93,124,2,7.3,65.4,6.97,No,Yes,5.48
S1076,EEE,2,Male,11.6,90,118,4,8.2,90.6,6.57,No,Yes,8.33
S1077,CSE,3,Male,8.7,98,128,3,7.8,54.3,7.52,No,Yes,5.98
S1078,IT,1,Female,14.1,90,115,4,6.1,100.0,6.22,No,No,
S1079,CSE,4,Female,7.5,87,120,6,6.9,97.0,6.93,No,Yes,8.07
S1080,MECH,4,Male,11.5,85,142,2,6.2,79.4,7.34,Yes,No,
S1081,ECE,1,Male,4.4,100,133,5,5.9,82.1,6.27,No,Yes,6.43
S1082,IT,2,Male,8.9,94,132,1,7.9,85.0,6.74,No,Yes,6.04
S1083,CSE,4,Female,8.2,77,117,4,5.5,76.1,7.08,Yes,Yes,7.87
S1084,IT,4,Male,10.0,91,119,2,5.8,83.9,6.12,No,No,
S1085,IT,2,Male,7.3,108,149,5,5.6,80.6,6.85,Yes,Yes,9.9
S1086,EEE,3,Male,8.4,86,103,2,5.2,81.1,6.48,No,Yes,4.35
S1087,ECE,1,Female,12.7,92,97,4,7.0,83.8,6.64,No,Yes,7.45
S1088,MECH,4,Female,7.0,85,110,2,8.1,68.9,7.97,Yes,Yes,8.61
S1089,IT,2,Male,1.8,90,118,6,6.6,82.4,6.2,No,No,
S1090,CSE,4,Female,16.9,93,128,2,5.1,83.6,7.64,No,Yes,6.47
S1091,EEE,3,Female,15.2,106,115,0,7.7,83.3,6.5,No,Yes,7.64
S1092,EEE,3,Male,3.2,107,129,2,8.7,79.8,5.7,No,Yes,4.47
S1093,ECE,3,Male,12.1,101,119,3,6.1,93.4,6.99,No,Yes,6.46
S1094,EEE,2,Male,6.7,93,134,2,6.3,78.5,6.94,No,Yes,7.71
S1095,IT,1,Female,10.2,92,119,4,7.4,84.3,7.49,No,No,
S1096,ECE,2,Male,10.3,100,110,2,8.6,95.0,7.76,Yes,Yes,5.89
S1097,IT,1,Male,7.9,82,109,2,6.2,81.2,8.46,No,No,
S1098,CSE,4,Female,5.5,86,126,4,5.3,84.1,6.82,Yes,Yes,6.77
S1099,CSE,2,Male,5.9,100,141,1,7.5,81.0,5.98,No,No,
S1100,CSE,1,Female,4.9,93,120,1,7.7,94.4,6.68,No,Yes,6.37
S1101,ECE,4,Male,5.3,98,137,4,6.8,79.4,6.5,Yes,Yes,8.11
S1102,IT,4,Male,8.7,84,116,3,6.2,94.8,7.33,No,Yes,9.38
S1103,IT,4,Female,5.8,96,138,8,7.9,81.0,6.25,Yes,Yes,5.99
S1104,CIVIL,4,Female,12.1,86,105,1,7.4,73.4,8.16,No,No,
S1105,CSE,1,Male,15.7,104,138,4,6.0,88.8,7.74,No,Yes,9.19
S1106,IT,2,Female,6.4,88,117,2,6.9,79.0,5.39,No,No,
S1107,EEE,4,Female,10.1,97,123,2,5.3,88.2,6.25,No,Yes,7.24
S1108,CSE,3,Male,11.2,102,111,3,7.6,54.7,7.3,No,Yes,8.45
S1109,CSE,1,Female,11.1,95,137,4,6.5,82.1,7.7,No,Yes,6.24
S1110,CSE,4,Male,9.3,88,124,3,6.3,77.4,5.89,No,No,
S1111,CSE,2,Male,12.3,98,138,4,6.8,71.4,7.43,No,Yes,5.93
S1112,CIVIL,2,Male,11.2,89,147,5,6.8,76.5,5.73,No,No,
S1113,MECH,3,Female,3.4,95,121,5,7.8,76.3,6.61,No,Yes,6.45
S1114,ECE,3,Female,12.9,102,117,2,7.5,81.5,7.55,No,Yes,9.76
S1115,MECH,3,Male,13.0,97,122,5,6.6,68.3,6.72,Yes,Yes,7.68
S1116,MECH,1,Male,5.6,84,120,3,7.6,85.2,5.58,No,Yes,5.53
S1117,CSE,4,Male,9.2,79,124,5,7.2,95.7,7.03,No,Yes,8.94
S1118,MECH,2,Male,12.1,96,133,3,6.3,84.8,6.49,Yes,Yes,7.12
S1119,ECE,1,Female,8.1,96,109,6,6.7,90.1,7.43,No,Yes,6.36
S1120,MECH,4,Female,13.8,85,129,1,6.6,92.9,6.18,No,Yes,5.64
S1121,MECH,4,Male,19.6,107,129,1,7.4,94.4,6.58,No,Yes,8.67
S1122,IT,4,Female,5.5,109,114,4,6.4,100.0,5.46,No,Yes,6.02
S1123,CSE,4,Male,2.8,105,110,3,6.4,77.0,6.58,No,Yes,8.68
S1124,CSE,3,Female,10.4,97,107,7,9.0,74.8,7.08,No,Yes,8.72
S1125,IT,3,Female,12.2,88,119,2,7.8,89.8,6.01,No,Yes,5.32
S1126,MECH,1,Male,8.0,87,140,0,6.0,89.1,6.51,No,No,
S1127,MECH,2,Male,15.5,96,120,2,7.4,89.8,7.62,Yes,No,
S1128,CSE,2,Female,3.0,93,131,3,6.9,100.0,6.37,No,No,
S1129,IT,2,Male,12.1,78,114,2,7.2,82.1,6.9,No,No,
S1130,IT,3,Male,6.3,84,111,3,7.0,86.3,6.77,No,Yes,7.67
S1131,CSE,3,Male,16.7,86,112,3,8.1,72.2,6.24,Yes,Yes,8.34
S1132,CSE,1,Male,18.0,92,111,1,7.2,100.0,8.32,Yes,Yes,7.85
S1133,IT,2,Male,5.6,100,133,4,6.7,78.6,6.38,Yes,No,
S1134,CIVIL,3,Female,6.5,113,117,4,7.9,78.9,7.19,Yes,Yes,9.33
S1135,IT,1,Female,12.9,94,109,4,7.1,78.5,7.5,No,No,
S1136,IT,4,Male,7.3,100,113,3,6.9,75.6,6.56,No,No,
S1137,EEE,3,Female,8.8,101,116,2,7.1,74.7,7.02,No,Yes,5.03
S1138,IT,3,Male,9.1,108,124,2,6.7,76.8,6.82,No,Yes,5.47
S1139,CIVIL,3,Female,0.5,87,141,2,6.8,68.3,5.27,No,No,
S1140,CIVIL,4,Female,8.9,88,110,0,6.2,74.1,6.17,No,Yes,4.45
S1141,CSE,2,Male,5.9,83,124,4,6.0,100.0,6.32,No,Yes,6.74
S1142,IT,3,Female,6.8,95,117,2,5.7,89.4,6.26,No,Yes,5.38
S1143,IT,3,Male,15.5,87,126,4,5.3,91.3,6.28,No,Yes,9.4
S1144,CSE,2,Male,3.3,103,114,2,5.8,93.8,7.17,No,Yes,8.91
S1145,CSE,4,Female,12.7,92,118,7,6.6,100.0,8.39,Yes,Yes,9.6
S1146,ECE,4,Male,7.7,114,144,5,6.9,64.3,7.52,No,Yes,10.39
S1147,IT,3,Male,7.7,104,114,3,6.5,69.7,7.49,No,Yes,9.11
S1148,CSE,4,Male,12.6,92,120,1,4.2,74.0,6.44,No,No,
S1149,CSE,4,Female,10.5,100,126,4,8.5,77.3,6.49,No,No,
S1150,CIVIL,3,Male,11.6,97,122,1,8.0,79.0,6.14,No,No,
S1151,CSE,4,Male,13.4,95,106,2,7.3,77.5,7.24,Yes,Yes,6.97
S1152,CSE,3,Female,7.5,93,135,2,8.9,84.2,6.72,No,Yes,6.78
S1153,IT,3,Female,6.2,102,129,4,5.7,82.4,6.68,Yes,No,
S1154,CIVIL,3,Male,4.1,92,118,5,8.9,74.8,7.53,No,Yes,7.51
S1155,CSE,4,Male,5.3,85,131,2,5.7,60.2,6.64,No,No,
S1156,ECE,1,Male,22.3,111,121,2,7.1,72.1,6.71,No,Yes,6.01
S1157,EEE,4,Male,14.6,106,121,2,5.4,76.5,6.46,No,No,
S1158,CSE,4,Male,2.9,119,146,3,6.8,79.5,6.97,Yes,No,
S1159,EEE,1,Female,3.0,90,113,4,7.2,70.7,7.19,Yes,No,
S1160,IT,4,Female,11.2,95,133,1,6.6,77.1,6.98,No,Yes,7.89
S1161,ECE,1,Male,11.5,87,125,4,7.6,70.7,8.12,Yes,Yes,7.25
S1162,ECE,2,Male,11.5,89,109,5,6.9,80.7,8.09,No,Yes,7.83
S1163,ECE,4,Female,7.9,107,98,1,6.2,71.3,6.78,Yes,Yes,6.85
S1164,CSE,1,Male,8.4,83,121,2,6.2,73.5,6.0,Yes,Yes,5.87
S1165,MECH,4,Female,10.5,116,128,3,7.7,68.9,5.98,No,No,
S1166,IT,4,Male,9.4,90,129,1,6.1,80.5,6.28,No,Yes,5.17
S1167,CSE,3,Male,0.5,99,109,3,7.8,73.3,6.83,Yes,Yes,6.33
S1168,CSE,1,Female,8.0,82,141,4,8.1,91.1,7.97,No,Yes,6.95
S1169,ECE,2,Male,5.2,104,133,4,5.0,86.1,6.98,No,Yes,8.43
S1170,ECE,3,Female,9.8,90,118,3,8.0,81.3,7.51,No,No,
S1171,CSE,4,Male,22.4,103,107,5,9.1,74.0,7.38,Yes,Yes,9.6
S1172,IT,3,Male,10.7,116,144,1,7.1,85.8,7.09,No,Yes,9.48
S1173,CSE,2,Female,7.6,107,111,4,7.5,88.9,7.36,No,Yes,7.35
S1174,ECE,3,Male,13.1,101,140,2,7.9,83.4,5.56,Yes,No,
S1175,CSE,3,Female,11.2,100,125,1,6.5,98.0,6.43,No,Yes,8.34
S1176,ECE,4,Male,10.9,108,115,4,7.0,86.6,7.59,No,No,
S1177,IT,1,Male,11.7,74,91,3,5.4,91.1,7.0,No,Yes,6.66
S1178,CIVIL,4,Female,18.3,94,132,2,7.0,83.3,6.28,No,Yes,7.56
S1179,CSE,3,Male,3.9,92,115,2,7.3,88.8,5.0,No,No,
S1180,IT,4,Male,11.1,106,121,1,7.4,74.0,6.4,No,Yes,5.42
S1181,CSE,2,Male,4.8,85,111,2,8.0,77.4,6.36,No,Yes,5.14
S1182,CIVIL,3,Male,11.5,95,111,4,5.9,85.5,6.38,No,No,
S1183,MECH,4,Male,4.9,94,113,4,6.2,85.4,6.75,No,No,
S1184,CSE,1,Female,7.1,106,120,6,8.9,87.1,7.33,No,Yes,6.84
S1185,ECE,4,Female,7.7,81,111,1,6.6,93.0,6.9,No,No,
S1186,MECH,3,Female,13.4,100,115,4,7.0,67.8,5.48,No,Yes,6.96
S1187,ECE,1,Female,13.1,91,122,0,6.7,72.3,5.73,Yes,Yes,6.41
S1188,ECE,2,Female,3.4,102,123,2,5.9,84.3,6.21,No,Yes,7.26
S1189,CSE,3,Female,9.2,92,116,2,8.6,74.8,6.99,No,No,
S1190,CSE,1,Male,5.8,100,125,2,6.2,100.0,6.88,No,Yes,4.92
S1191,MECH,3,Female,3.3,88,123,1,5.6,87.2,6.58,No,Yes,4.89
S1192,CIVIL,2,Female,8.0,115,118,3,6.3,81.2,6.5,No,Yes,8.39
S1193,ECE,3,Male,7.6,103,112,5,4.6,76.8,6.67,Yes,No,
S1194,IT,1,Male,19.9,83,121,1,6.1,77.2,6.5,No,Yes,8.07
S1195,IT,4,Male,10.9,96,130,2,5.7,82.3,7.22,No,Yes,6.92
S1196,EEE,4,Male,2.8,91,125,5,7.5,83.1,6.05,No,Yes,5.12
S1197,MECH,4,Female,6.5,90,141,2,6.1,77.4,7.05,No,No,
S1198,MECH,4,Male,13.6,93,128,2,7.8,79.3,6.96,No,No,
S1199,EEE,1,Male,18.4,95,110,4,8.3,95.4,7.27,No,Yes,7.14
S1200,ECE,4,Female,1.9,87,135,2,7.7,95.8,5.91,No,No,
S1201,CSE,1,Male,0.5,100,140,2,6.6,84.5,5.39,No,No,
S1202,CSE,1,Male,17.4,93,120,3,7.0,68.6,6.65,No,No,
S1203,MECH,2,Male,10.8,104,131,4,5.1,87.4,6.75,No,Yes,7.22
S1204,ECE,3,Female,5.1,105,143,4,6.7,97.5,5.2,Yes,Yes,5.79
S1205,CSE,4,Female,11.4,93,126,4,5.9,95.7,6.85,No,Yes,6.41
S1206,CSE,3,Male,0.5,88,106,5,7.6,89.3,7.16,No,Yes,7.0
S1207,ECE,2,Female,9.0,95,107,2,9.6,96.2,7.05,No,No,
S1208,CSE,2,Male,10.5,93,116,0,7.3,82.5,6.18,Yes,Yes,8.08
S1209,CSE,4,Female,13.2,90,124,3,4.6,88.3,6.96,No,Yes,8.55
S1210,ECE,2,Female,4.4,86,120,3,6.4,75.2,6.12,No,Yes,7.35
S1211,ECE,2,Female,9.4,86,122,2,6.9,84.9,6.73,No,Yes,5.88
S1212,ECE,1,Male,4.8,111,122,3,6.9,95.3,7.64,Yes,Yes,6.9
S1213,CSE,4,Female,10.1,102,115,5,6.0,76.1,7.62,No,Yes,8.03
S1214,EEE,3,Female,5.0,82,118,1,7.1,73.4,6.63,Yes,No,
S1215,CSE,2,Male,7.2,93,125,2,5.4,83.0,6.23,No,No,
S1216,IT,1,Female,4.5,95,125,4,5.8,79.7,7.11,No,Yes,5.61
S1217,EEE,3,Male,11.9,91,114,2,7.5,88.5,5.68,No,No,
S1218,ECE,3,Female,12.9,101,126,0,5.7,77.5,6.45,No,Yes,5.78
S1219,MECH,2,Male,7.9,87,115,5,7.4,99.2,7.29,No,Yes,8.21
S1220,ECE,4,Female,9.2,85,132,0,5.3,69.1,6.86,No,Yes,7.01
S1221,ECE,1,Male,2.5,92,111,2,8.7,94.5,6.81,No,No,
S1222,CSE,2,Male,7.7,90,112,3,5.9,74.4,6.83,No,Yes,5.14
S1223,IT,4,Male,8.8,100,135,2,6.6,64.0,6.46,No,No,
S1224,CSE,2,Male,20.8,107,117,6,7.2,84.4,7.96,Yes,Yes,8.83
S1225,CSE,3,Male,4.0,103,120,5,6.2,79.5,6.11,Yes,Yes,5.69
S1226,CIVIL,2,Male,15.6,107,131,3,7.0,70.9,6.49,No,Yes,6.63
S1227,IT,2,Male,13.5,101,126,4,7.4,65.2,7.05,No,Yes,8.83
S1228,MECH,4,Male,10.3,87,137,5,7.9,81.9,7.08,Yes,No,
S1229,ECE,2,Male,16.9,90,121,2,7.7,91.8,5.82,No,Yes,8.13
S1230,EEE,4,Female,10.7,87,117,2,6.6,87.8,7.0,No,Yes,7.39
S1231,IT,2,Male,10.8,77,100,4,6.6,82.6,7.37,No,Yes,6.72
S1232,ECE,1,Female,8.8,96,114,4,9.4,86.8,6.79,Yes,Yes,9.0
S1233,IT,1,Female,14.5,93,113,7,7.8,81.7,8.92,No,Yes,9.97
S1234,CSE,3,Female,13.9,95,126,6,5.8,67.7,6.77,No,No,
S1235,EEE,2,Male,6.2,81,120,4,6.9,67.8,6.39,No,No,
S1236,CSE,4,Female,3.1,75,134,3,6.4,80.0,6.15,Yes,Yes,6.8
S1237,CSE,3,Male,8.1,89,125,5,6.7,80.4,6.82,Yes,Yes,7.8
S1238,ECE,4,Male,5.4,84,143,2,5.4,90.5,6.25,No,No,
S1239,CSE,1,Male,8.7,82,129,6,6.3,89.6,6.09,No,No,
S1240,CIVIL,4,Female,14.6,82,141,2,8.8,88.1,6.51,No,Yes,7.29
S1241,CIVIL,4,Male,6.9,111,129,6,7.4,79.2,6.92,No,Yes,8.38
S1242,CIVIL,4,Male,8.8,105,118,3,4.1,68.2,7.51,Yes,Yes,7.48
S1243,IT,4,Female,9.3,87,129,2,8.1,86.1,8.07,Yes,Yes,9.18
S1244,CSE,4,Female,12.8,84,112,5,8.0,87.3,7.96,No,No,
S1245,CIVIL,3,Male,0.5,111,121,3,6.4,58.1,5.83,Yes,No,
S1246,IT,1,Male,6.3,109,114,2,7.6,73.7,6.08,No,Yes,4.35
S1247,CIVIL,1,Female,10.0,89,128,2,5.9,75.1,6.54,No,Yes,7.14
S1248,CIVIL,4,Male,14.4,91,124,1,6.3,83.2,7.93,No,Yes,5.64
S1249,MECH,3,Male,6.8,96,127,4,8.4,74.0,6.61,Yes,Yes,7.63
S1250,CSE,4,Male,0.6,101,134,2,6.5,81.6,5.41,Yes,No,
S1251,IT,3,Female,11.8,89,112,3,4.7,79.9,6.51,No,Yes,8.08
S1252,MECH,1,Female,6.1,104,119,2,6.7,80.4,7.02,No,No,
S1253,IT,1,Female,3.6,99,116,3,6.7,74.8,6.93,No,No,
S1254,CSE,3,Female,6.2,96,103,2,8.1,75.6,6.36,No,No,
S1255,ECE,2,Male,8.2,91,110,0,6.8,71.2,6.8,No,Yes,7.25
S1256,CIVIL,1,Male,6.3,70,111,2,6.3,85.8,5.0,No,No,
S1257,ECE,3,Male,0.5,91,130,3,7.9,87.7,6.43,Yes,No,
S1258,ECE,1,Male,13.0,85,111,1,6.9,74.3,7.22,No,No,
S1259,CSE,3,Male,14.7,116,123,2,6.0,97.2,6.46,No,No,
S1260,ECE,2,Female,11.9,103,120,3,8.1,78.9,6.34,No,No,
S1261,CIVIL,4,Male,3.9,103,122,1,7.0,97.3,5.16,No,No,
S1262,CSE,2,Female,8.1,99,120,4,6.8,75.6,7.82,Yes,Yes,9.36
S1263,IT,2,Male,9.0,111,131,1,7.0,61.7,6.05,No,No,
S1264,MECH,1,Male,11.7,99,106,5,5.6,86.0,7.24,Yes,Yes,6.25
S1265,EEE,1,Male,12.0,77,116,1,6.2,84.5,7.02,No,No,
S1266,ECE,2,Male,5.7,89,121,1,6.8,82.3,7.35,No,No,
S1267,EEE,3,Female,9.4,91,141,5,6.6,75.6,6.82,Yes,Yes,7.47
S1268,IT,3,Male,11.1,98,112,0,8.2,81.7,6.19,Yes,Yes,7.95
S1269,CSE,2,Male,15.6,92,116,2,7.0,76.9,7.02,Yes,No,
S1270,MECH,3,Male,12.2,85,119,2,7.7,79.0,7.58,Yes,Yes,7.06
S1271,MECH,4,Male,12.6,89,112,4,6.8,90.4,6.89,No,Yes,8.21
S1272,MECH,4,Male,9.4,98,107,2,8.0,83.8,6.05,Yes,Yes,5.65
S1273,CIVIL,1,Female,15.3,91,122,4,7.2,88.1,6.12,No,Yes,5.34
S1274,IT,3,Female,10.8,86,143,5,6.8,79.7,6.19,No,Yes,7.21
S1275,IT,1,Male,5.1,104,106,2,6.8,78.6,7.04,No,Yes,6.37
S1276,EEE,2,Female,15.3,81,134,3,5.8,70.5,6.73,No,No,
S1277,ECE,4,Male,12.1,90,144,4,7.4,78.3,6.55,Yes,Yes,8.49
S1278,EEE,1,Male,7.0,90,94,5,6.8,50.0,6.27,No,Yes,7.04
S1279,EEE,3,Male,6.8,98,115,2,6.2,76.1,6.58,No,No,
S1280,MECH,3,Male,10.3,92,124,4,8.0,81.2,6.73,Yes,No,
S1281,IT,3,Male,11.1,83,125,4,5.4,87.6,6.73,Yes,No,
S1282,IT,3,Male,9.9,82,105,2,6.3,79.3,7.51,No,Yes,8.37
S1283,CSE,1,Male,10.4,112,113,3,7.9,85.5,7.86,No,No,
S1284,ECE,2,Male,16.6,123,125,0,7.1,60.2,5.75,Yes,Yes,7.64
S1285,CSE,3,Male,13.8,102,108,7,6.7,81.4,7.58,Yes,Yes,9.79
S1286,IT,1,Female,9.9,109,112,0,7.1,65.2,5.96,No,No,
S1287,ECE,2,Male,13.2,96,114,0,7.0,69.9,6.43,Yes,Yes,6.83
S1288,CSE,1,Male,4.4,90,95,1,5.1,80.1,6.51,No,No,
S1289,ECE,1,Male,10.8,103,127,1,6.4,94.8,6.54,No,Yes,5.89
S1290,CSE,2,Male,17.1,117,112,0,8.6,85.7,7.03,No,No,
S1291,CSE,1,Male,8.0,98,125,1,6.1,82.2,6.94,No,Yes,8.7
S1292,MECH,3,Male,5.2,73,131,5,6.4,81.8,6.89,Yes,Yes,6.93
S1293,IT,3,Male,6.1,94,109,0,6.2,74.9,5.86,Yes,Yes,6.88
S1294,CSE,4,Male,4.1,93,119,6,6.7,76.6,6.38,No,Yes,6.4
S1295,ECE,1,Male,5.5,121,125,3,6.2,86.3,5.73,No,No,
S1296,EEE,1,Male,7.3,95,118,4,7.3,68.1,6.16,No,No,
S1297,CSE,1,Male,2.7,111,113,0,7.0,87.9,7.49,No,No,
S1298,ECE,3,Male,9.1,103,129,7,7.7,78.1,6.64,No,Yes,6.15
S1299,CSE,3,Male,13.1,90,122,4,5.6,90.3,6.25,No,Yes,6.08
S1300,CSE,1,Female,4.9,106,106,0,6.4,91.6,6.52,No,Yes,7.32
S1301,ECE,4,Male,15.8,98,110,2,6.6,65.3,6.83,No,Yes,7.15
S1302,ECE,1,Male,11.3,92,121,8,7.3,76.2,7.19,No,Yes,6.82
S1303,ECE,3,Male,13.6,92,127,3,5.9,73.4,7.82,Yes,Yes,7.5
S1304,EEE,3,Female,6.0,94,104,2,7.8,63.9,6.8,No,Yes,7.18
S1305,CIVIL,4,Male,12.8,91,107,3,8.1,71.7,6.52,No,Yes,7.87
S1306,IT,3,Male,4.1,85,116,4,5.7,100.0,6.36,Yes,Yes,6.93
S1307,IT,4,Male,13.0,96,106,1,6.3,88.1,6.41,No,Yes,9.23
S1308,EEE,2,Male,9.8,89,112,5,6.2,100.0,7.58,No,No,
S1309,CSE,4,Male,11.5,94,132,1,9.7,90.3,6.47,No,Yes,6.06
S1310,IT,1,Male,3.7,119,130,5,6.3,74.6,5.58,Yes,Yes,6.02
S1311,CSE,4,Female,5.0,94,113,2,8.6,78.2,6.41,No,Yes,4.87
S1312,CSE,3,Male,11.7,96,118,1,5.4,87.9,5.68,Yes,No,
S1313,CIVIL,4,Female,4.7,87,111,0,5.7,86.4,7.65,No,No,
S1314,MECH,2,Female,11.1,82,119,2,6.0,76.2,6.05,Yes,Yes,8.65
S1315,ECE,3,Male,2.8,100,99,1,5.9,66.9,6.12,No,Yes,7.25
S1316,IT,3,Male,12.8,96,110,2,6.5,100.0,7.03,No,Yes,7.7
S1317,CSE,3,Male,3.5,102,109,0,6.0,80.6,6.02,No,No,
S1318,CSE,1,Male,11.5,102,110,3,5.9,78.7,6.67,No,No,
S1319,CSE,1,Male,11.8,90,143,6,8.1,83.1,7.42,No,No,
S1320,ECE,2,Female,5.9,77,115,2,8.1,79.6,7.43,No,No,
S1321,EEE,1,Female,11.6,82,95,0,7.8,83.2,7.02,Yes,Yes,8.2
S1322,ECE,4,Male,10.2,105,125,2,7.4,94.9,7.72,Yes,No,
S1323,CSE,1,Male,6.6,92,143,1,6.9,80.8,5.74,No,No,
S1324,CIVIL,4,Female,4.5,107,126,6,6.3,70.4,7.04,No,Yes,6.67
S1325,EEE,2,Female,0.5,108,120,4,5.8,80.4,6.59,No,No,
S1326,ECE,1,Female,10.6,103,119,1,7.2,77.4,6.85,Yes,Yes,7.5
S1327,ECE,4,Male,2.0,85,114,2,5.5,96.2,7.23,No,Yes,7.63
S1328,IT,3,Male,9.4,84,120,5,5.7,93.7,6.81,No,Yes,6.04
S1329,CSE,3,Male,7.8,96,108,2,8.1,83.1,6.32,Yes,No,
S1330,IT,3,Male,12.1,85,109,3,8.9,69.2,7.15,No,No,
S1331,EEE,3,Male,7.6,70,127,2,7.2,69.7,5.31,No,Yes,5.95
S1332,CSE,2,Male,7.5,97,121,1,8.0,82.2,6.32,No,Yes,4.9
S1333,CSE,4,Female,12.3,100,119,5,6.5,85.4,7.02,No,Yes,6.03
S1334,CSE,4,Male,10.5,113,120,3,5.3,78.3,6.25,No,Yes,7.5
S1335,CSE,3,Male,10.4,88,109,3,7.5,77.2,7.45,Yes,No,
S1336,MECH,1,Male,11.1,102,126,2,7.4,76.1,6.04,No,Yes,7.81
S1337,EEE,3,Male,2.1,89,103,5,6.9,81.8,6.52,No,Yes,6.25
S1338,IT,1,Male,12.4,97,105,2,6.5,58.2,6.91,No,No,
S1339,CSE,1,Male,11.8,84,121,2,7.9,71.0,7.58,No,No,
S1340,IT,2,Female,4.4,103,123,2,5.7,75.7,6.43,No,Yes,6.64
S1341,IT,2,Male,7.9,85,118,0,5.9,94.1,7.0,No,No,
S1342,CSE,4,Male,8.8,98,126,3,5.7,73.9,7.17,No,Yes,7.17
S1343,IT,3,Male,8.4,95,113,5,6.9,83.8,6.99,No,No,
S1344,IT,4,Female,10.5,90,125,2,5.6,84.3,5.99,No,Yes,5.81
S1345,ECE,2,Female,15.4,85,131,2,6.0,95.0,6.0,No,No,
S1346,ECE,2,Female,13.9,85,113,4,6.0,94.6,7.13,No,Yes,7.0
S1347,CSE,2,Male,3.1,93,108,5,6.5,81.4,6.31,No,Yes,8.11
S1348,IT,4,Male,11.8,93,126,4,5.2,77.2,7.54,No,Yes,9.75
S1349,ECE,1,Male,15.0,97,99,2,6.9,75.4,7.38,Yes,Yes,5.49
S1350,IT,4,Male,10.7,113,122,2,8.2,79.6,6.64,No,No,
S1351,MECH,3,Female,13.9,95,116,2,6.9,77.7,6.09,No,No,
S1352,ECE,2,Male,18.1,102,108,2,8.5,87.5,7.41,No,Yes,8.68
S1353,CSE,3,Female,13.6,94,118,2,8.3,86.2,6.19,Yes,Yes,6.37
S1354,CSE,3,Female,10.1,112,112,3,7.7,87.9,6.36,No,Yes,4.57
S1355,ECE,4,Male,13.7,96,119,5,6.9,94.6,6.55,No,No,
S1356,CSE,4,Female,9.7,95,114,3,6.8,100.0,6.73,Yes,Yes,6.28
S1357,ECE,2,Male,9.1,98,102,3,7.6,83.2,7.51,No,No,
S1358,CIVIL,2,Male,7.4,94,109,5,6.4,93.0,6.89,No,Yes,5.52
S1359,ECE,3,Male,16.0,78,116,4,4.7,78.5,6.8,Yes,No,
S1360,IT,4,Male,5.3,106,119,1,7.3,93.9,5.45,No,No,
S1361,ECE,1,Male,15.9,85,103,2,5.6,92.6,7.31,No,Yes,8.08
S1362,IT,3,Male,11.2,103,125,1,5.7,92.1,6.18,No,No,
S1363,ECE,3,Male,2.7,97,113,5,6.8,82.9,6.74,No,No,
S1364,CIVIL,3,Male,10.7,68,109,0,6.7,75.3,6.18,No,No,
S1365,IT,1,Male,0.5,106,110,5,5.2,68.1,7.09,No,No,
S1366,CIVIL,3,Male,11.8,72,113,4,7.0,81.6,6.79,No,No,
S1367,CIVIL,4,Male,13.0,106,124,3,7.9,97.3,6.96,No,No,
S1368,CSE,1,Male,6.3,93,106,3,5.6,78.9,6.91,No,No,
S1369,CSE,2,Female,9.6,93,115,3,8.2,89.9,8.15,No,Yes,9.09
S1370,CSE,4,Female,17.8,97,122,1,5.1,90.4,7.54,No,Yes,6.5
S1371,CSE,1,Female,6.7,90,125,1,9.1,79.2,6.35,No,No,
S1372,CSE,4,Female,4.2,91,121,2,6.3,95.2,6.45,Yes,Yes,6.82
S1373,ECE,3,Male,15.7,98,112,3,7.0,52.9,6.62,Yes,No,
S1374,CSE,2,Female,17.8,89,123,3,4.7,69.8,6.46,No,No,
S1375,IT,4,Male,9.0,94,110,3,6.7,72.8,6.35,No,Yes,4.23
S1376,MECH,2,Male,13.6,103,119,4,7.1,73.8,6.54,No,No,
S1377,CSE,3,Female,15.0,90,138,5,6.7,85.4,7.63,No,Yes,9.15
S1378,MECH,2,Male,5.7,74,116,2,6.2,84.9,5.74,No,No,
S1379,CSE,3,Female,6.8,111,132,2,5.8,85.9,7.46,No,Yes,9.25
S1380,CSE,1,Female,14.5,96,124,3,8.0,88.0,7.49,Yes,Yes,9.19
S1381,ECE,2,Female,16.6,90,131,2,6.8,72.5,6.95,No,Yes,6.05
S1382,ECE,4,Female,11.5,97,134,4,8.5,69.8,6.92,No,No,
S1383,MECH,2,Male,5.0,80,117,5,6.2,86.0,6.36,No,No,
S1384,EEE,3,Male,17.9,122,125,4,6.3,75.7,7.47,No,Yes,6.86
S1385,MECH,2,Male,6.6,98,134,4,7.7,66.3,7.4,Yes,Yes,8.73
S1386,CSE,4,Male,7.5,100,115,5,5.0,91.7,6.46,No,Yes,6.51
S1387,CSE,1,Male,10.5,97,118,2,5.5,96.0,5.75,Yes,Yes,7.41
S1388,EEE,4,Female,16.0,97,117,5,8.0,97.6,7.76,Yes,Yes,10.49
S1389,MECH,2,Female,12.8,92,117,1,5.5,83.9,6.91,Yes,No,
S1390,CIVIL,2,Male,10.9,99,123,2,4.8,88.3,6.02,No,Yes,7.53
S1391,IT,1,Male,11.1,98,104,3,8.9,95.7,6.4,Yes,No,
S1392,IT,1,Male,9.2,89,115,3,5.3,75.6,6.15,No,No,
S1393,EEE,3,Male,11.5,111,134,3,7.0,93.1,6.46,No,No,
S1394,IT,2,Female,0.5,100,100,2,6.9,84.8,6.07,No,No,
S1395,CIVIL,4,Male,7.7,85,110,5,4.0,91.1,6.7,Yes,No,
S1396,MECH,2,Male,10.1,94,121,3,6.5,83.9,6.37,No,Yes,6.32
S1397,IT,2,Male,3.8,98,105,2,7.3,95.0,5.96,No,Yes,6.59
S1398,EEE,3,Male,10.7,90,122,3,7.2,84.2,6.66,No,Yes,8.19
S1399,EEE,3,Male,8.1,86,117,6,7.8,67.2,7.03,Yes,No,
S1400,CSE,1,Male,16.9,86,123,8,6.4,96.5,7.4,No,Yes,10.44
S1401,CIVIL,1,Male,16.1,93,123,3,7.6,72.5,7.77,No,Yes,9.75
S1402,IT,1,Male,6.9,93,113,0,6.0,94.5,6.7,No,Yes,6.96
S1403,MECH,3,Male,8.3,109,130,5,5.2,81.1,5.91,No,No,
S1404,IT,3,Female,8.7,96,116,3,5.4,93.8,7.1,No,Yes,6.27
S1405,MECH,3,Male,7.0,92,122,4,5.2,93.3,7.16,No,No,
S1406,IT,4,Male,9.9,100,115,3,7.9,86.3,6.52,No,Yes,7.81
S1407,CSE,4,Male,5.6,114,123,2,5.1,87.1,5.58,No,No,
S1408,CIVIL,3,Female,3.9,90,124,3,7.1,86.2,6.51,No,No,
S1409,CSE,4,Male,11.8,86,102,1,6.5,61.9,6.57,No,No,
S1410,IT,1,Female,11.8,102,110,3,6.7,83.2,6.16,No,No,
S1411,CIVIL,1,Male,5.4,92,132,0,8.3,70.8,5.29,No,No,
S1412,CIVIL,2,Male,13.0,99,130,1,6.3,83.7,6.68,Yes,Yes,8.89
S1413,ECE,1,Male,6.2,104,117,3,7.5,70.6,6.45,No,Yes,7.85
S1414,ECE,3,Male,10.1,108,109,1,6.8,70.2,6.32,No,No,
S1415,IT,4,Female,12.7,116,108,0,6.6,98.0,6.66,No,No,
S1416,CSE,1,Male,8.8,90,130,0,9.3,92.7,5.73,No,No,
S1417,IT,1,Male,11.0,92,132,4,5.2,82.0,6.63,No,No,
S1418,ECE,2,Male,6.7,93,143,3,8.2,83.8,6.98,Yes,Yes,6.31
S1419,EEE,4,Male,8.1,87,125,4,7.5,79.5,6.54,No,No,
S1420,EEE,2,Male,8.1,89,124,7,6.3,87.7,6.01,No,Yes,5.61
S1421,EEE,3,Male,5.6,84,109,3,8.6,75.2,6.22,No,Yes,6.07
S1422,CSE,1,Female,8.2,92,121,1,4.8,91.9,5.83,No,No,
S1423,IT,1,Male,2.0,97,128,3,6.2,79.5,6.59,No,No,
S1424,CSE,4,Male,6.8,83,104,3,5.5,77.8,6.8,No,Yes,7.04
S1425,ECE,4,Female,7.7,100,120,2,7.3,82.2,5.51,No,Yes,5.26
S1426,IT,1,Male,7.8,101,139,7,5.6,76.1,7.58,Yes,Yes,7.61
S1427,MECH,4,Female,7.9,95,131,2,7.3,85.3,5.87,No,Yes,5.85
S1428,IT,3,Male,8.7,101,116,4,6.6,76.6,7.84,No,Yes,6.74
S1429,CSE,4,Female,11.2,95,107,3,6.3,86.7,6.82,Yes,Yes,7.19
S1430,CSE,2,Male,12.9,101,122,2,7.2,94.2,6.06,No,No,
S1431,EEE,3,Female,6.1,104,138,0,6.5,74.8,5.57,No,No,
S1432,ECE,3,Female,3.6,94,126,7,5.6,80.7,7.11,No,Yes,9.69
S1433,CSE,3,Male,4.3,92,121,5,9.9,86.6,6.47,Yes,Yes,9.04
S1434,CSE,1,Female,6.8,101,117,5,6.3,77.6,6.78,No,Yes,6.43
S1435,EEE,1,Male,7.4,107,121,1,4.4,86.6,7.56,Yes,No,
S1436,CSE,2,Male,5.5,77,109,4,5.9,87.6,6.19,No,No,
S1437,MECH,3,Male,3.2,93,127,4,5.4,92.8,6.64,No,No,
S1438,EEE,1,Male,6.9,86,110,2,7.7,75.9,7.42,No,Yes,6.2
S1439,CSE,3,Male,9.8,97,125,1,7.2,72.6,6.73,No,Yes,7.54
S1440,CSE,4,Male,11.7,89,122,4,7.2,78.9,5.89,Yes,No,
S1441,CIVIL,1,Male,6.5,107,114,5,6.4,72.3,7.16,No,Yes,6.52
S1442,IT,3,Female,7.1,85,109,5,6.5,87.6,6.08,No,No,
S1443,IT,2,Female,4.8,89,115,2,6.4,70.4,7.31,No,Yes,7.51
S1444,MECH,4,Male,8.9,94,114,6,6.7,100.0,6.55,No,Yes,7.35
S1445,CIVIL,1,Male,5.2,84,137,3,7.7,95.0,8.5,No,No,
S1446,CIVIL,3,Male,11.6,115,111,4,7.2,82.1,7.97,No,Yes,7.79
S1447,EEE,4,Male,1.0,85,114,4,7.4,90.7,5.95,No,Yes,5.69
S1448,IT,4,Male,7.4,94,134,2,7.3,65.6,6.52,No,No,
S1449,CSE,3,Male,10.4,80,107,10,7.8,100.0,8.0,No,Yes,9.84
S1450,EEE,3,Male,9.8,88,120,4,7.1,76.1,7.34,No,No,
S1451,ECE,3,Female,21.1,70,136,3,7.2,80.8,7.49,No,Yes,4.44
S1452,IT,4,Male,10.6,103,137,0,8.1,63.4,7.29,Yes,Yes,7.48
S1453,CIVIL,3,Male,4.5,94,120,2,6.1,86.9,6.37,No,No,
S1454,CSE,1,Male,8.6,93,125,2,5.9,70.9,6.34,No,No,
S1455,IT,4,Male,1.0,104,114,1,5.5,83.0,5.98,No,Yes,4.72
S1456,CSE,3,Male,8.6,93,97,4,7.0,76.6,7.35,Yes,No,
S1457,IT,3,Male,5.3,94,118,4,4.8,71.2,6.87,No,No,
S1458,CSE,1,Male,13.1,90,118,2,7.3,74.0,6.97,No,No,
S1459,CSE,3,Male,6.5,95,108,3,6.7,84.3,7.15,No,No,
S1460,CSE,2,Female,8.5,83,120,6,8.0,69.2,5.61,No,No,
S1461,ECE,3,Female,6.1,88,114,2,6.1,74.5,6.66,No,Yes,4.97
S1462,EEE,1,Male,16.8,74,100,2,6.6,88.6,7.09,Yes,Yes,5.78
S1463,ECE,3,Male,7.6,78,100,4,8.0,100.0,7.86,Yes,Yes,10.12
S1464,CIVIL,4,Male,17.2,93,128,5,8.3,86.8,6.32,No,No,
S1465,IT,1,Male,12.7,88,127,2,6.1,72.8,7.77,No,Yes,7.18
S1466,CSE,4,Male,11.2,79,119,2,7.0,78.3,6.72,No,Yes,6.46
S1467,MECH,2,Male,10.7,90,130,4,7.1,82.3,7.22,No,No,
S1468,CSE,4,Male,10.8,111,115,3,7.2,78.5,7.94,No,No,
S1469,CIVIL,4,Male,0.5,79,125,4,6.5,91.0,6.8,Yes,Yes,6.12
S1470,CSE,3,Male,7.7,120,134,3,8.2,84.2,7.02,No,No,
S1471,CIVIL,3,Female,12.8,94,129,2,4.7,91.1,6.99,No,No,
S1472,CSE,4,Female,8.8,89,135,5,6.3,78.9,6.59,No,Yes,6.83
S1473,MECH,2,Female,2.7,96,120,0,7.3,95.3,6.18,No,Yes,5.6
S1474,ECE,2,Male,8.8,107,100,4,7.3,80.3,6.39,No,No,
S1475,CIVIL,3,Female,16.7,98,142,3,8.3,72.3,7.03,No,No,
S1476,CSE,4,Male,14.6,96,124,1,8.1,100.0,5.33,No,Yes,6.23
S1477,ECE,4,Female,8.7,98,103,4,6.5,63.8,7.06,No,No,
S1478,CIVIL,4,Male,13.3,103,128,4,8.2,74.6,6.95,No,No,
S1479,ECE,2,Female,7.4,92,114,3,6.0,75.7,6.42,No,Yes,5.92
S1480,ECE,4,Male,1.3,93,100,0,7.8,100.0,6.28,No,Yes,7.44
S1481,ECE,1,Female,4.8,94,112,3,8.8,100.0,5.67,No,Yes,4.64
S1482,IT,3,Female,16.0,97,141,5,8.1,96.9,8.56,No,Yes,8.81
S1483,ECE,1,Male,7.8,105,117,1,6.9,78.7,6.44,No,No,
S1484,ECE,2,Male,7.9,86,115,5,6.4,100.0,6.82,No,Yes,6.36
S1485,CIVIL,2,Female,7.7,88,125,2,5.1,85.7,5.94,Yes,Yes,6.7
S1486,CSE,2,Male,17.6,99,95,2,7.1,91.8,7.08,No,No,
S1487,CSE,3,Female,16.3,93,122,2,5.6,83.8,7.87,No,Yes,8.34
S1488,CIVIL,2,Male,19.0,97,121,3,5.9,81.5,7.86,No,Yes,7.22
S1489,MECH,2,Male,8.3,83,111,5,5.5,79.5,7.42,No,Yes,10.74
S1490,IT,2,Male,10.3,108,118,5,6.3,79.9,7.38,No,Yes,7.95
S1491,ECE,2,Male,2.2,101,122,2,6.8,88.1,6.13,No,No,
S1492,CSE,2,Female,15.6,79,137,3,7.1,85.7,6.05,No,Yes,8.21
S1493,CSE,1,Male,3.7,92,103,0,6.1,81.7,6.06,No,No,
S1494,IT,3,Male,10.0,119,141,4,8.0,97.1,6.84,No,No,
S1495,IT,3,Male,4.1,91,121,2,6.6,52.3,7.0,No,No,
S1496,ECE,3,Male,6.4,90,102,8,5.9,87.1,7.32,No,Yes,9.6
S1497,CSE,2,Female,5.2,100,138,5,7.0,89.2,7.85,No,Yes,8.19
S1498,CIVIL,2,Female,6.3,102,125,4,9.0,93.5,7.55,No,Yes,9.08
S1499,CIVIL,4,Male,6.6,73,123,3,7.2,81.4,6.26,No,Yes,8.3
S1500,ECE,3,Female,6.5,91,128,3,6.4,84.1,5.45,No,Yes,4.3
S1501,ECE,3,Female,12.8,95,119,1,5.1,91.9,7.64,No,Yes,8.77
S1502,IT,1,Male,4.0,85,108,1,6.6,96.9,7.21,No,Yes,4.55
S1503,MECH,2,Female,10.0,93,113,3,7.1,79.0,5.88,No,No,
S1504,ECE,2,Male,14.5,100,107,4,6.4,84.7,8.09,No,No,
S1505,CSE,2,Male,6.7,98,105,2,5.0,98.8,6.84,No,Yes,7.06
S1506,CIVIL,3,Female,5.8,100,111,2,5.9,60.8,6.55,No,Yes,6.29
S1507,MECH,3,Male,8.0,98,112,4,8.4,75.1,7.83,Yes,Yes,8.16
S1508,CIVIL,3,Female,14.3,86,136,2,8.4,96.7,7.77,Yes,Yes,8.44
S1509,EEE,4,Female,9.9,94,124,3,5.8,92.9,7.23,Yes,Yes,8.55
S1510,ECE,4,Male,6.6,77,116,2,7.5,87.2,6.8,Yes,Yes,7.68
S1511,IT,3,Female,11.2,91,125,1,5.5,77.5,7.01,No,Yes,7.98
S1512,CIVIL,4,Male,4.0,96,113,4,8.3,73.2,6.33,No,No,
S1513,MECH,1,Male,12.1,89,104,3,7.1,76.1,6.8,No,No,
S1514,CSE,1,Male,10.8,86,120,2,7.8,97.5,6.15,No,Yes,5.48
S1515,CSE,1,Female,7.6,101,111,4,4.9,75.7,6.56,No,No,
S1516,IT,3,Male,5.2,91,115,2,7.5,83.0,6.22,No,Yes,4.51
S1517,MECH,4,Male,5.0,104,115,3,6.8,74.5,6.15,No,Yes,5.36
S1518,CIVIL,2,Female,11.4,77,136,0,7.7,90.4,6.6,No,Yes,7.27
S1519,CSE,4,Female,14.5,88,119,4,7.8,76.6,6.84,Yes,Yes,7.75
S1520,ECE,1,Female,6.1,103,135,4,6.9,81.0,7.05,No,No,
S1521,IT,4,Male,11.1,106,143,3,6.1,65.2,5.76,Yes,No,
S1522,CIVIL,2,Male,0.5,100,115,0,7.7,65.9,5.95,No,Yes,5.19
S1523,MECH,1,Male,6.4,75,121,0,6.7,82.1,6.34,No,Yes,6.85
S1524,MECH,3,Female,8.9,90,118,3,5.8,68.7,6.47,Yes,No,
S1525,IT,2,Male,4.9,103,128,2,5.8,100.0,6.42,No,No,
S1526,IT,2,Male,4.8,105,141,3,5.2,61.4,5.48,Yes,Yes,8.89
S1527,CSE,2,Female,6.0,93,111,2,6.2,74.0,6.7,No,No,
S1528,CSE,4,Male,10.3,86,91,6,8.0,82.2,7.49,No,Yes,7.55
S1529,MECH,3,Female,8.2,98,105,4,7.0,78.3,7.12,No,Yes,4.07
S1530,MECH,2,Female,0.5,84,127,3,6.2,71.0,6.96,Yes,Yes,6.48
S1531,CIVIL,3,Female,0.5,97,112,4,7.7,72.4,6.56,No,Yes,7.36
S1532,CIVIL,3,Male,6.3,94,110,6,5.9,72.1,7.19,Yes,Yes,10.0
S1533,ECE,2,Male,11.1,97,104,3,6.9,79.1,6.93,No,Yes,5.95
S1534,EEE,2,Female,0.5,97,111,0,6.6,100.0,6.56,Yes,Yes,6.73
S1535,CIVIL,1,Female,6.8,95,112,0,7.7,82.8,5.31,No,No,
S1536,MECH,1,Female,6.6,87,137,7,5.1,93.8,6.46,No,No,
S1537,CSE,3,Male,15.2,89,115,5,5.9,87.1,8.24,No,Yes,5.78
S1538,IT,1,Female,7.3,95,117,2,5.0,93.1,5.0,No,No,
S1539,CSE,3,Female,10.7,88,118,6,6.5,54.0,6.92,No,Yes,8.41
S1540,CIVIL,3,Female,9.6,108,143,6,8.1,79.0,7.85,Yes,Yes,8.03
S1541,ECE,1,Female,0.5,81,122,2,6.2,95.1,6.19,No,No,
S1542,CSE,3,Female,12.5,105,109,4,6.2,76.3,6.74,No,Yes,5.82
S1543,ECE,2,Male,10.0,81,110,2,7.8,99.6,6.78,No,Yes,3.33
S1544,ECE,4,Male,11.3,106,107,1,8.0,96.8,6.49,No,Yes,7.59
S1545,IT,3,Male,25.0,99,123,5,6.7,77.3,7.67,No,No,
S1546,CSE,4,Male,0.5,96,116,7,7.6,77.0,6.3,No,Yes,8.67
S1547,ECE,3,Male,16.8,99,122,0,5.6,71.9,7.49,Yes,Yes,8.89
S1548,ECE,1,Male,7.7,93,99,2,8.3,75.7,7.48,No,Yes,6.47
S1549,EEE,3,Male,10.3,96,131,0,9.2,69.7,6.37,Yes,Yes,6.58
S1550,ECE,4,Male,8.8,101,132,4,7.4,86.3,5.96,No,Yes,7.19
S1551,MECH,3,Male,7.1,84,105,5,4.5,67.4,6.43,No,Yes,7.76
S1552,ECE,4,Female,6.4,83,113,2,6.2,88.0,6.38,Yes,Yes,7.0
S1553,ECE,4,Female,10.5,96,130,1,7.5,88.3,6.95,No,Yes,8.0
S1554,MECH,2,Male,2.2,81,120,3,6.3,65.4,5.68,No,Yes,5.07
S1555,IT,1,Female,12.4,99,117,2,8.2,97.5,6.35,No,Yes,5.29
S1556,CSE,3,Male,7.1,81,106,3,7.4,87.1,6.96,Yes,Yes,7.14
S1557,CSE,2,Male,3.9,88,97,3,6.0,89.5,7.12,No,No,
S1558,EEE,4,Male,7.0,88,109,5,6.8,74.4,6.4,No,Yes,5.2
S1559,ECE,4,Male,14.7,115,115,4,5.8,88.2,6.3,No,Yes,5.55
S1560,EEE,2,Female,6.6,106,132,2,6.6,93.3,8.73,No,No,
S1561,CSE,2,Female,10.6,81,142,7,6.2,81.0,7.67,Yes,Yes,8.47
S1562,CSE,4,Male,5.7,88,121,3,8.1,100.0,6.45,No,Yes,6.08
S1563,CSE,2,Male,12.4,88,125,3,9.1,82.4,7.43,No,Yes,6.98
S1564,IT,4,Male,12.1,113,125,0,5.2,93.4,6.58,No,No,
S1565,ECE,2,Male,17.3,101,96,6,4.7,84.9,8.0,Yes,No,
S1566,IT,3,Male,8.2,130,121,3,6.5,87.9,6.93,No,No,
S1567,IT,1,Male,12.0,105,104,0,5.1,65.3,6.61,No,Yes,5.61
S1568,CIVIL,3,Female,9.4,99,110,6,6.9,85.7,7.0,No,Yes,8.59
S1569,IT,2,Female,14.8,111,114,3,7.6,74.7,6.08,No,Yes,7.46
S1570,IT,3,Male,5.8,70,107,6,8.4,73.5,8.05,No,No,
S1571,EEE,1,Female,12.4,105,131,1,7.0,99.4,6.16,No,No,
S1572,IT,3,Male,8.1,94,120,5,6.6,79.9,6.0,Yes,Yes,6.37
S1573,ECE,4,Male,8.7,93,127,4,4.6,72.0,6.65,No,No,
S1574,MECH,1,Male,9.4,113,112,4,6.8,78.4,6.27,No,Yes,7.13
S1575,CIVIL,1,Male,10.1,89,122,4,6.9,69.0,6.79,No,Yes,9.04
S1576,CSE,1,Female,8.5,91,112,1,7.5,96.3,6.99,Yes,Yes,6.25
S1577,CIVIL,3,Male,10.0,91,106,1,6.0,75.0,7.19,No,Yes,5.39
S1578,IT,3,Male,16.1,100,117,9,6.3,87.3,8.22,Yes,Yes,10.02
S1579,CSE,3,Male,13.4,88,135,6,5.2,95.6,7.06,Yes,Yes,9.74
S1580,IT,2,Male,12.9,82,121,4,4.3,77.0,6.99,No,Yes,5.48
S1581,CIVIL,2,Female,7.0,93,126,2,5.6,87.3,6.82,No,No,
S1582,IT,3,Male,5.0,78,104,3,5.1,71.7,5.33,Yes,No,
S1583,IT,3,Male,13.3,105,125,4,7.2,100.0,7.48,No,Yes,7.02
S1584,ECE,4,Male,12.9,93,108,4,6.2,91.4,6.09,No,Yes,4.67
S1585,CSE,1,Male,15.6,108,142,2,6.2,80.1,8.29,No,Yes,9.22
S1586,CSE,3,Male,6.3,96,133,1,5.7,74.3,6.13,Yes,No,
S1587,CSE,2,Female,8.0,105,129,4,4.0,80.9,6.7,No,Yes,7.25
S1588,CSE,2,Male,1.6,93,132,1,8.5,78.6,5.69,No,No,
S1589,CSE,3,Female,7.2,96,123,4,5.7,100.0,6.4,No,Yes,6.25
S1590,CSE,3,Female,13.5,103,112,5,6.3,69.7,8.6,No,No,
S1591,ECE,4,Female,6.9,85,120,2,5.2,83.3,7.13,No,Yes,6.5
S1592,CSE,1,Male,11.9,85,115,4,7.9,81.8,5.93,Yes,Yes,6.21
S1593,IT,1,Male,8.1,97,116,2,7.0,80.8,7.58,No,No,
S1594,MECH,3,Male,10.5,97,137,3,5.9,80.9,7.58,No,No,
S1595,IT,3,Female,3.8,90,116,4,6.4,80.8,6.4,No,No,
S1596,ECE,2,Male,9.4,98,124,4,8.6,90.7,7.09,No,Yes,7.52
S1597,CSE,1,Male,0.5,99,141,3,6.7,88.1,6.37,No,Yes,4.06
S1598,CSE,1,Male,8.2,102,145,5,6.6,86.2,8.22,No,Yes,6.06
S1599,CSE,4,Male,1.7,86,123,3,5.8,51.7,5.77,No,No,
S1600,CSE,1,Male,14.4,82,136,2,4.7,85.0,6.94,No,Yes,7.16
S1601,CSE,2,Male,12.5,100,125,1,6.6,65.4,6.38,No,No,
S1602,CSE,2,Female,11.1,85,107,4,7.2,88.5,5.99,No,No,
S1603,CSE,2,Male,15.8,105,135,2,8.0,96.7,8.44,No,Yes,8.24
S1604,CSE,1,Male,4.7,98,106,4,4.3,72.7,5.86,No,No,
S1605,IT,3,Male,16.9,101,123,5,5.6,79.4,7.44,No,Yes,10.01
S1606,CSE,1,Male,13.2,107,112,0,6.2,76.0,5.51,No,No,
S1607,IT,4,Male,7.9,99,117,2,6.8,94.4,6.38,No,No,
S1608,IT,2,Female,14.1,119,108,2,6.6,83.0,7.21,No,Yes,7.45
S1609,ECE,3,Male,4.0,97,120,2,6.7,99.3,5.93,No,Yes,5.87
S1610,CSE,4,Female,5.3,101,139,1,7.2,86.1,6.78,Yes,Yes,6.61
S1611,EEE,3,Male,6.3,87,128,2,5.8,84.4,6.32,No,No,
S1612,ECE,3,Male,6.6,111,109,2,7.8,82.7,7.33,No,Yes,7.99
S1613,CSE,2,Female,4.2,83,126,7,7.3,90.2,7.79,No,Yes,7.75
S1614,MECH,2,Male,14.5,95,118,2,6.4,64.6,6.45,Yes,No,
S1615,CIVIL,3,Male,7.8,83,130,3,8.6,82.9,6.7,Yes,Yes,9.03
S1616,CSE,4,Male,10.6,87,130,1,8.5,81.3,6.7,No,Yes,7.5
S1617,CSE,3,Male,6.4,100,125,4,7.8,89.3,7.16,No,Yes,7.31
S1618,MECH,3,Female,0.8,103,112,2,4.0,80.1,6.29,No,No,
S1619,EEE,3,Male,10.2,93,105,3,8.5,71.6,6.88,No,Yes,7.23
S1620,CSE,2,Female,0.5,89,110,5,7.7,82.1,6.38,No,No,
S1621,CSE,1,Female,8.7,97,137,3,9.0,71.2,6.77,No,Yes,3.59
S1622,IT,3,Male,2.8,111,127,3,8.2,62.7,7.29,No,No,
S1623,IT,4,Female,17.9,109,103,3,8.5,89.3,7.62,Yes,Yes,8.13
S1624,ECE,1,Male,13.1,99,122,4,7.8,87.8,7.51,No,Yes,7.56
S1625,IT,3,Female,9.5,94,129,6,8.3,86.7,7.54,No,Yes,6.94
S1626,IT,1,Male,14.7,100,126,5,9.0,95.0,7.15,No,No,
S1627,EEE,3,Female,5.2,85,132,1,7.0,75.3,6.52,No,No,
S1628,CSE,1,Male,11.4,79,124,4,5.1,67.7,6.15,No,No,
S1629,CSE,2,Male,9.9,80,126,1,6.5,81.3,7.35,No,No,
S1630,EEE,4,Male,10.2,104,119,3,7.2,78.5,5.0,No,No,
S1631,MECH,2,Female,14.7,82,119,4,6.9,73.6,6.97,No,Yes,8.19
S1632,IT,3,Male,12.3,85,120,4,5.4,81.2,7.69,No,No,
S1633,ECE,4,Male,10.3,105,131,5,5.0,75.9,6.12,No,Yes,7.37
S1634,CSE,4,Female,1.6,99,111,3,6.0,63.6,6.62,No,Yes,6.27
S1635,IT,2,Female,4.7,100,132,1,7.7,77.6,5.9,No,Yes,6.4
S1636,ECE,2,Female,8.4,99,121,1,8.5,70.6,6.25,No,Yes,2.93
S1637,CSE,1,Female,9.4,109,115,4,7.8,84.3,7.52,No,Yes,6.0
S1638,CSE,4,Female,3.9,84,111,5,8.0,75.4,6.78,Yes,Yes,7.87
S1639,IT,4,Female,19.9,87,130,2,6.7,93.1,5.81,Yes,No,
S1640,CSE,3,Male,15.8,81,112,4,4.9,98.0,6.51,No,Yes,6.31
S1641,IT,4,Male,11.7,111,115,6,6.3,88.8,7.86,Yes,Yes,9.1
S1642,CSE,3,Female,9.3,99,118,3,6.5,66.5,7.01,Yes,Yes,6.67
S1643,IT,3,Male,8.0,93,127,3,6.3,97.1,7.87,No,Yes,6.74
S1644,CSE,1,Male,4.7,115,134,3,6.9,97.8,7.74,Yes,Yes,8.57
S1645,MECH,4,Male,9.3,108,105,2,7.3,82.2,6.47,No,No,
S1646,ECE,1,Female,10.2,87,131,4,7.7,95.2,8.53,No,No,
S1647,ECE,4,Male,3.4,88,115,2,6.5,76.5,6.36,No,No,
S1648,EEE,4,Male,10.5,99,119,1,4.7,63.3,5.93,No,No,
S1649,IT,3,Male,8.3,88,124,2,6.3,74.4,6.15,No,Yes,3.11
S1650,CSE,1,Male,0.5,99,144,2,6.8,99.3,5.0,No,No,
S1651,ECE,2,Male,5.1,105,151,4,8.1,67.1,7.69,No,Yes,8.89
S1652,ECE,2,Male,7.1,99,119,4,6.2,82.0,7.8,No,Yes,8.91
S1653,EEE,2,Male,17.5,98,118,3,7.4,82.3,6.47,No,Yes,6.0
S1654,IT,1,Female,11.5,88,118,4,7.1,76.9,6.76,No,No,
S1655,CSE,4,Male,3.0,88,128,4,6.8,77.6,6.59,No,Yes,6.51
S1656,CSE,3,Female,11.2,95,132,1,7.8,82.7,6.01,No,No,
S1657,IT,2,Female,2.0,122,123,5,6.1,76.4,5.54,Yes,Yes,7.05
S1658,ECE,2,Male,13.9,89,116,4,6.2,67.8,6.86,No,Yes,7.57
S1659,ECE,2,Female,6.9,88,114,1,6.8,84.2,6.22,Yes,No,
S1660,IT,3,Male,8.6,91,110,5,6.1,92.7,6.69,No,No,
S1661,CIVIL,3,Female,15.0,99,126,4,7.4,90.7,7.29,No,Yes,7.52
S1662,ECE,4,Male,3.2,105,145,1,6.0,73.9,7.21,No,No,
S1663,CSE,3,Female,2.7,77,134,2,7.0,69.5,6.06,No,No,
S1664,CSE,4,Male,6.4,82,121,4,6.7,79.2,6.78,No,No,
S1665,CSE,4,Male,13.7,113,101,2,7.0,97.7,7.42,No,Yes,6.63
S1666,CSE,1,Male,2.2,106,118,6,6.3,88.5,7.14,No,Yes,6.28
S1667,CSE,4,Female,0.5,101,116,4,6.4,89.0,6.09,No,Yes,6.48
S1668,CSE,1,Female,7.0,84,131,6,6.9,90.9,7.0,Yes,Yes,6.95
S1669,CSE,4,Male,11.5,99,109,4,7.0,86.2,7.33,No,Yes,7.85
S1670,CSE,2,Male,14.4,91,128,4,6.8,83.2,6.34,Yes,No,
S1671,MECH,4,Male,6.9,105,120,2,8.7,88.6,7.41,No,Yes,4.52
S1672,CSE,4,Female,7.1,104,117,1,5.7,76.5,7.39,Yes,No,
S1673,ECE,4,Male,14.2,109,128,3,6.7,67.9,6.5,Yes,Yes,7.91
S1674,IT,4,Female,0.6,98,108,2,5.1,89.2,6.41,Yes,Yes,7.09
S1675,CIVIL,2,Male,7.3,93,113,4,7.2,94.4,7.21,Yes,Yes,7.0
S1676,CSE,1,Male,9.9,80,105,5,5.6,70.8,6.54,No,Yes,5.85
S1677,IT,2,Male,11.0,108,113,0,6.5,90.2,6.9,No,Yes,6.99
S1678,CIVIL,1,Male,6.7,86,134,5,6.4,98.8,6.96,No,No,
S1679,MECH,3,Male,9.2,90,130,3,7.1,82.0,5.78,Yes,Yes,6.71
S1680,MECH,2,Male,0.5,92,126,3,6.2,73.8,6.62,No,No,
S1681,CSE,4,Female,6.0,83,117,5,6.1,83.2,6.05,No,Yes,5.93
S1682,CSE,3,Male,11.0,94,121,0,8.4,76.5,7.12,No,No,
S1683,ECE,4,Male,4.6,101,105,3,7.1,75.8,6.1,No,Yes,7.18
S1684,CIVIL,1,Male,9.3,102,125,1,6.2,86.3,6.48,No,Yes,7.39
S1685,ECE,4,Male,11.0,105,145,2,6.5,66.0,7.6,Yes,Yes,9.09
S1686,ECE,4,Male,7.5,86,113,3,8.6,67.6,6.92,No,Yes,6.44
S1687,CSE,3,Male,9.8,99,114,1,6.5,82.2,5.88,No,No,
S1688,EEE,3,Male,4.7,93,121,1,6.0,81.8,5.68,No,No,
S1689,CSE,4,Male,8.1,108,104,4,6.0,85.4,6.46,Yes,Yes,9.35
S1690,IT,1,Male,11.7,93,130,5,6.2,100.0,7.36,No,Yes,9.0
S1691,IT,3,Male,9.7,86,127,5,6.1,83.0,7.18,No,Yes,7.54
S1692,IT,2,Male,6.4,94,117,2,5.4,88.0,5.99,No,No,
S1693,CSE,1,Male,10.0,97,149,2,5.6,72.2,5.9,No,No,
S1694,CSE,2,Female,12.2,104,117,3,5.9,89.7,7.11,No,No,
S1695,ECE,1,Male,0.5,101,116,5,7.5,76.7,6.44,No,No,
S1696,CSE,1,Female,14.2,95,96,6,6.4,82.7,8.67,No,Yes,10.57
S1697,ECE,1,Male,7.5,94,118,3,6.6,80.9,6.69,No,No,
S1698,CSE,4,Female,10.9,111,131,1,8.2,92.3,7.88,No,Yes,10.1
S1699,IT,3,Female,14.4,117,120,2,8.2,68.9,6.14,Yes,Yes,5.21
S1700,ECE,4,Male,2.8,99,124,2,6.5,59.2,5.28,No,Yes,5.7
S1701,CSE,2,Female,5.8,82,111,2,6.1,79.9,5.72,No,No,
S1702,IT,2,Male,7.7,80,92,2,5.8,86.7,7.32,No,Yes,4.29
S1703,CSE,3,Male,5.5,93,113,2,7.6,83.5,7.62,No,No,
S1704,CSE,2,Female,16.8,86,121,3,6.6,94.3,6.59,No,Yes,5.23
S1705,CIVIL,1,Female,5.1,92,134,4,6.4,86.4,6.37,Yes,Yes,6.97
S1706,IT,3,Male,6.5,101,115,3,5.9,76.4,5.86,Yes,No,
S1707,MECH,1,Male,9.9,95,116,2,6.0,58.7,5.43,No,No,
S1708,CSE,3,Male,3.6,89,126,2,7.2,79.6,6.83,Yes,No,
S1709,ECE,3,Male,7.2,84,122,5,5.4,92.3,7.0,No,No,
S1710,EEE,1,Female,10.4,87,109,3,7.9,78.1,6.77,No,No,
S1711,ECE,1,Male,7.5,103,141,2,6.2,82.3,5.68,No,Yes,7.14
S1712,IT,4,Male,8.6,98,125,1,6.6,86.2,7.61,No,Yes,6.54
S1713,IT,2,Male,6.6,78,105,5,5.3,71.8,6.42,No,Yes,4.9
S1714,IT,1,Male,2.2,92,114,2,6.8,88.2,6.69,No,Yes,4.62
S1715,CIVIL,4,Male,10.4,100,108,2,6.4,98.4,5.82,Yes,No,
S1716,MECH,1,Male,16.9,87,116,5,6.7,80.3,7.14,No,Yes,8.35
S1717,CIVIL,3,Female,9.1,92,122,2,8.4,70.7,6.79,No,Yes,8.35
S1718,CSE,4,Female,10.0,122,113,3,7.0,81.3,7.07,Yes,Yes,7.32
S1719,EEE,2,Male,12.1,90,134,0,5.9,59.8,6.59,No,No,
S1720,CIVIL,1,Female,3.3,100,103,0,6.0,85.4,6.53,No,Yes,3.82
S1721,CSE,1,Female,16.7,83,115,1,7.5,86.5,6.13,No,No,
S1722,CSE,2,Female,9.9,104,115,4,8.2,98.8,7.08,No,Yes,8.14
S1723,EEE,1,Male,16.3,89,123,6,7.1,80.1,7.41,No,Yes,6.47
S1724,ECE,3,Male,5.7,103,110,3,7.6,86.1,6.77,No,Yes,6.39
S1725,MECH,1,Male,17.2,92,130,1,7.5,73.4,6.92,No,No,
S1726,CSE,3,Male,12.5,92,103,0,8.4,78.4,5.75,No,No,
S1727,EEE,4,Male,11.5,94,127,0,4.7,66.7,5.64,No,Yes,7.11
S1728,CSE,4,Male,10.1,110,124,0,7.5,80.1,5.09,No,No,
S1729,CSE,3,Male,7.9,114,127,1,7.9,78.9,7.07,No,No,
S1730,CSE,2,Female,14.4,104,114,3,5.3,85.0,7.55,No,Yes,7.24
S1731,MECH,3,Male,9.6,89,110,5,5.8,75.8,7.47,No,Yes,5.54
S1732,ECE,3,Male,0.5,73,138,7,5.9,82.8,6.89,No,No,
S1733,ECE,2,Female,4.0,96,117,0,6.0,78.7,5.0,No,No,
S1734,IT,1,Female,8.2,99,124,4,6.3,78.7,6.13,Yes,No,
S1735,MECH,4,Female,10.4,120,102,2,7.1,82.8,6.89,No,Yes,8.25
S1736,IT,2,Female,8.7,83,129,2,7.8,82.4,6.68,No,Yes,7.32
S1737,MECH,1,Male,14.5,97,131,4,8.0,89.6,6.97,No,Yes,9.83
S1738,IT,2,Female,0.5,100,125,0,5.9,80.8,6.3,Yes,Yes,6.29
S1739,IT,2,Male,9.6,94,123,3,5.9,78.5,6.76,No,Yes,5.98
S1740,IT,4,Male,0.8,77,115,1,8.2,80.2,6.19,No,No,
S1741,IT,3,Male,12.4,95,100,3,7.5,74.9,6.45,No,Yes,7.11
S1742,EEE,4,Male,8.6,95,121,6,6.9,78.4,7.65,Yes,Yes,9.9
S1743,IT,1,Male,10.9,99,120,3,7.3,100.0,6.61,No,No,
S1744,CSE,2,Male,5.1,108,117,5,6.8,72.9,5.91,Yes,No,
S1745,MECH,3,Female,14.8,95,115,2,7.4,79.2,6.39,No,No,
S1746,IT,1,Male,13.7,99,134,1,6.4,78.1,6.52,No,No,
S1747,ECE,2,Male,11.6,104,123,4,7.1,79.5,7.62,No,Yes,9.01
S1748,CIVIL,4,Female,8.4,94,118,7,5.1,78.7,7.07,Yes,Yes,8.99
S1749,ECE,1,Male,11.6,82,100,2,6.0,84.8,6.6,No,Yes,7.47
S1750,CSE,3,Male,5.8,96,100,4,6.1,64.9,5.83,Yes,No,
S1751,CIVIL,1,Female,12.9,93,129,4,6.4,92.4,7.55,No,No,
S1752,ECE,1,Male,16.4,107,124,0,5.8,88.3,6.4,No,Yes,6.5
S1753,IT,2,Male,13.8,79,130,5,6.2,69.6,7.0,No,No,
S1754,CSE,4,Female,5.7,108,127,7,5.1,59.3,7.92,No,Yes,8.14
S1755,EEE,4,Male,10.6,101,92,1,7.4,72.2,6.93,No,Yes,6.8
S1756,ECE,4,Male,3.2,98,108,2,6.7,79.6,5.32,No,No,
S1757,ECE,3,Female,11.6,104,117,3,4.9,100.0,5.78,Yes,No,
S1758,MECH,1,Female,11.0,99,119,1,5.9,87.4,6.61,No,Yes,7.16
S1759,EEE,3,Male,0.6,101,117,2,7.2,63.9,5.43,No,No,
S1760,CSE,2,Male,3.8,82,134,2,6.2,75.1,6.76,No,No,
S1761,IT,4,Male,7.7,98,133,1,6.0,81.5,6.51,Yes,Yes,6.68
S1762,CSE,1,Male,7.6,93,106,7,6.7,84.5,7.18,Yes,Yes,11.27
S1763,EEE,3,Male,3.6,101,110,0,7.2,68.9,5.71,Yes,Yes,5.66
S1764,CSE,1,Male,10.8,81,99,8,5.2,80.7,8.4,No,Yes,10.15
S1765,ECE,2,Female,10.1,95,134,3,7.4,74.8,8.61,No,Yes,9.46
S1766,EEE,3,Male,8.1,96,128,3,5.9,71.0,6.48,No,Yes,4.8
S1767,MECH,3,Male,5.6,106,131,0,6.8,84.6,6.55,No,No,
S1768,IT,2,Male,13.7,94,130,3,6.8,89.7,7.03,No,Yes,7.46
S1769,MECH,2,Female,16.4,106,142,1,6.2,90.4,6.76,Yes,Yes,8.09
S1770,CSE,2,Male,6.8,92,119,3,5.7,87.7,6.1,Yes,No,
S1771,MECH,4,Male,6.2,95,131,1,6.5,77.0,5.69,No,No,
S1772,CSE,4,Female,11.2,87,108,1,8.6,89.1,5.89,No,Yes,5.1
S1773,IT,4,Male,7.4,95,131,5,5.3,85.1,7.14,No,Yes,7.32
S1774,EEE,4,Male,8.4,81,119,4,8.7,83.3,6.43,No,No,
S1775,CSE,2,Male,12.3,117,132,9,6.5,75.9,5.86,No,Yes,10.0
S1776,CSE,3,Male,0.5,84,133,2,6.8,77.0,6.49,No,Yes,7.53
S1777,EEE,2,Male,14.9,89,109,2,5.6,82.7,6.86,No,Yes,7.87
S1778,EEE,2,Male,9.3,90,113,2,6.0,100.0,7.56,No,No,
S1779,ECE,4,Male,7.1,96,96,2,6.2,85.0,6.81,Yes,Yes,6.54
S1780,ECE,1,Male,8.6,93,131,4,5.6,75.9,5.83,No,Yes,6.55
S1781,ECE,4,Female,8.8,91,111,1,6.6,73.7,5.04,Yes,Yes,4.86
S1782,CSE,2,Female,1.2,87,120,2,6.4,77.1,5.78,Yes,Yes,6.66
S1783,IT,3,Female,15.7,103,118,2,8.8,100.0,6.61,No,Yes,7.78
S1784,CSE,3,Female,9.2,101,124,3,5.5,78.0,7.36,No,Yes,7.98
S1785,CIVIL,4,Male,11.0,93,107,1,6.9,91.1,6.64,No,Yes,7.52
S1786,ECE,3,Female,13.3,90,117,1,7.1,78.2,7.44,No,No,
S1787,IT,3,Male,4.4,86,122,5,5.6,84.6,5.85,Yes,Yes,7.91
S1788,IT,1,Female,11.1,91,108,4,7.6,89.9,7.57,No,Yes,6.74
S1789,CIVIL,3,Female,7.8,90,122,7,6.4,76.3,7.52,Yes,Yes,7.55
S1790,CSE,1,Female,12.8,82,120,1,4.1,75.6,5.34,No,Yes,6.0
S1791,ECE,3,Female,0.5,95,125,2,7.5,98.6,7.16,No,No,
S1792,IT,3,Male,8.6,112,112,5,5.6,91.8,7.06,No,No,
S1793,ECE,3,Male,6.3,88,123,4,5.6,89.9,6.97,No,Yes,6.94
S1794,CSE,1,Male,10.9,88,123,5,7.6,89.9,6.46,Yes,Yes,8.01
S1795,MECH,1,Male,11.1,74,130,4,6.4,86.6,7.71,No,Yes,7.77
S1796,CIVIL,3,Male,5.8,104,123,3,7.8,100.0,5.9,Yes,Yes,5.38
S1797,ECE,1,Male,5.8,95,120,4,8.1,82.4,7.23,No,Yes,5.66
S1798,ECE,1,Female,8.5,83,123,6,6.1,87.8,7.53,No,Yes,7.7
S1799,CIVIL,1,Male,5.0,91,118,4,7.7,67.5,5.97,Yes,No,
S1800,EEE,4,Female,12.8,96,120,6,6.0,73.8,8.47,No,Yes,8.89
S1801,CSE,3,Female,7.3,92,118,2,9.3,70.0,6.66,No,Yes,7.17
S1802,ECE,2,Female,0.5,99,115,4,6.0,94.7,6.93,No,No,
S1803,ECE,2,Female,7.3,94,106,0,7.9,56.5,5.29,Yes,No,
S1804,IT,2,Male,4.3,81,129,3,7.7,78.0,7.85,No,Yes,7.05
S1805,EEE,4,Female,1.7,104,129,1,7.1,52.1,5.35,No,No,
S1806,CIVIL,3,Female,3.4,95,122,4,6.1,73.7,7.23,No,Yes,7.13
S1807,CIVIL,1,Male,9.5,97,111,2,6.6,77.1,6.0,No,No,
S1808,IT,1,Male,15.0,73,106,3,4.4,95.8,6.58,No,Yes,7.04
S1809,CSE,1,Female,10.4,85,114,4,7.0,86.0,7.39,No,No,
S1810,CIVIL,3,Male,6.3,102,109,5,7.2,73.7,7.48,No,Yes,6.51
S1811,MECH,4,Male,11.1,83,99,2,6.9,92.7,5.9,Yes,Yes,4.69
S1812,CSE,2,Female,6.9,84,149,4,4.0,82.2,7.42,No,Yes,6.21
S1813,CIVIL,1,Male,5.9,87,118,5,5.4,82.4,7.45,No,Yes,6.36
S1814,MECH,1,Male,3.8,88,124,4,6.0,70.0,5.94,No,No,
S1815,IT,4,Female,1.1,74,112,5,7.1,72.1,7.53,Yes,Yes,7.04
S1816,ECE,2,Male,7.2,74,125,1,7.1,73.7,5.42,No,No,
S1817,IT,4,Male,9.7,95,108,3,6.6,82.5,6.36,No,Yes,7.98
S1818,CSE,3,Male,8.6,97,122,5,7.5,82.8,7.24,No,No,
S1819,IT,2,Male,7.1,85,105,1,5.7,97.4,5.91,Yes,No,
S1820,MECH,1,Female,4.7,98,126,0,7.5,85.9,6.43,No,No,
S1821,CSE,1,Male,11.7,104,126,1,7.3,54.9,6.76,No,No,
S1822,IT,3,Male,3.1,83,143,2,7.2,84.6,6.22,No,No,
S1823,IT,4,Male,12.5,101,125,3,6.6,67.5,7.41,No,Yes,8.68
S1824,ECE,3,Male,4.5,101,147,1,8.8,72.3,6.17,No,No,
S1825,CIVIL,3,Female,5.6,87,112,2,7.3,73.9,6.59,No,Yes,4.38
S1826,IT,1,Female,2.4,86,118,2,5.7,75.4,7.04,No,Yes,6.17
S1827,IT,4,Male,6.7,101,113,5,7.1,68.2,7.32,Yes,Yes,10.01
S1828,EEE,4,Male,13.4,112,110,1,7.6,84.0,7.3,No,No,
S1829,IT,2,Male,11.3,88,118,3,6.2,67.9,6.03,Yes,No,
S1830,CSE,4,Male,13.4,92,134,2,8.0,85.6,7.18,No,Yes,5.74
S1831,IT,3,Female,11.3,95,102,4,7.2,100.0,6.42,No,Yes,8.75
S1832,CSE,3,Male,4.0,92,127,5,4.2,68.7,5.83,No,No,
S1833,CSE,4,Male,7.5,103,102,3,7.1,79.2,6.64,No,Yes,5.46
S1834,IT,4,Male,5.5,83,111,3,6.4,56.8,5.88,No,No,
S1835,IT,3,Female,15.0,91,131,3,7.4,79.0,7.5,No,No,
S1836,CIVIL,1,Female,3.6,104,119,2,7.8,88.4,6.97,No,No,
S1837,IT,2,Male,13.0,85,108,3,7.0,89.2,5.67,No,Yes,4.85
S1838,ECE,4,Female,13.0,81,118,6,8.6,82.8,6.64,No,Yes,5.49
S1839,ECE,2,Male,17.2,104,107,2,6.6,90.9,6.11,Yes,Yes,7.38
S1840,CSE,2,Male,7.2,97,138,1,7.5,100.0,6.21,No,Yes,6.4
S1841,ECE,2,Female,12.2,96,109,3,7.7,99.1,7.23,No,Yes,7.69
S1842,CSE,2,Female,19.3,91,127,1,6.7,76.8,6.81,No,No,
S1843,CIVIL,3,Female,6.2,99,114,4,7.7,67.5,6.3,No,Yes,4.41
S1844,CSE,4,Male,2.1,107,119,5,6.1,77.9,7.49,Yes,No,
S1845,IT,2,Male,0.5,112,118,2,6.3,72.5,5.0,No,No,
S1846,CSE,1,Female,12.2,96,107,3,5.4,86.5,7.7,Yes,Yes,9.27
S1847,CIVIL,1,Male,0.5,103,121,0,7.1,70.2,5.69,No,No,
S1848,IT,4,Male,7.3,84,118,1,7.2,81.3,6.37,Yes,No,
S1849,ECE,3,Male,11.0,101,126,7,8.1,90.4,6.93,No,Yes,7.19
S1850,CSE,2,Female,9.8,94,138,6,7.7,81.0,8.07,No,Yes,6.76
S1851,EEE,4,Male,10.9,90,122,2,6.5,72.5,5.88,No,Yes,6.02
S1852,CSE,4,Male,10.0,92,121,2,5.5,93.7,6.71,No,Yes,5.64
S1853,MECH,4,Female,14.8,98,106,3,7.3,63.2,7.29,No,Yes,8.39
S1854,CSE,4,Male,4.7,106,119,4,8.0,78.7,5.62,No,Yes,6.78
S1855,CSE,2,Male,6.0,82,123,3,7.6,81.6,5.96,No,No,
S1856,CSE,4,Male,5.5,106,131,4,8.0,82.2,6.62,No,Yes,7.32
S1857,IT,2,Male,12.7,89,117,1,6.6,83.8,6.11,No,Yes,6.63
S1858,ECE,4,Male,13.1,91,131,4,6.3,88.1,6.5,No,No,
S1859,CSE,3,Male,11.0,76,116,3,6.0,81.6,6.54,No,No,
S1860,EEE,4,Female,14.3,98,138,4,6.7,78.3,7.49,Yes,Yes,6.82
S1861,IT,3,Male,3.7,88,125,4,6.7,77.9,6.34,No,Yes,6.55
S1862,ECE,1,Female,16.5,106,117,4,7.0,75.9,7.89,No,No,
S1863,IT,3,Male,15.9,105,99,3,6.7,89.9,6.45,No,No,
S1864,IT,4,Male,12.3,103,129,0,6.7,75.5,5.78,No,Yes,7.52
S1865,ECE,4,Male,17.0,86,108,4,5.9,90.5,8.45,No,Yes,11.1
S1866,CSE,1,Male,1.5,108,125,3,7.8,82.2,6.01,No,No,
S1867,CSE,1,Female,6.6,83,119,6,6.9,76.8,6.02,No,Yes,7.2
S1868,MECH,1,Male,5.7,117,118,1,6.6,88.2,5.34,No,No,
S1869,CIVIL,3,Male,12.2,91,117,3,6.0,74.7,7.54,No,No,
S1870,IT,4,Female,4.3,102,113,3,5.3,88.4,6.34,No,Yes,4.78
S1871,CSE,1,Female,12.4,104,134,3,8.2,84.1,6.76,No,Yes,4.1
S1872,ECE,3,Female,15.2,95,126,3,7.4,76.0,6.89,Yes,No,
S1873,IT,4,Male,12.1,92,115,2,5.0,87.3,7.44,No,Yes,5.44
S1874,CSE,3,Female,10.3,91,112,3,7.6,87.5,6.68,No,No,
S1875,CSE,3,Male,4.6,96,135,3,7.8,93.6,8.1,Yes,Yes,10.47
S1876,EEE,3,Male,5.2,91,119,3,6.9,91.7,6.67,No,No,
S1877,ECE,3,Male,14.6,100,134,2,8.6,86.9,7.61,No,Yes,9.21
S1878,CSE,2,Male,12.5,102,120,2,7.0,70.7,7.3,No,Yes,8.4
S1879,CSE,3,Male,8.8,99,133,2,5.2,100.0,6.67,No,No,
S1880,CSE,3,Male,7.1,98,117,5,7.2,68.0,6.44,No,Yes,6.38
S1881,ECE,4,Female,0.5,96,128,2,7.1,91.5,6.5,No,Yes,5.28
S1882,CSE,3,Male,4.2,78,121,6,6.1,86.3,7.11,No,Yes,8.07
S1883,CSE,4,Male,17.6,117,121,4,7.4,70.3,6.88,No,Yes,6.33
S1884,EEE,1,Male,3.2,94,117,3,5.0,80.8,6.58,No,Yes,6.17
S1885,CSE,2,Female,9.9,96,134,3,7.9,81.2,7.58,No,No,
S1886,ECE,1,Male,13.5,87,118,0,5.8,95.1,8.0,No,No,
S1887,CSE,2,Male,3.4,84,126,5,5.7,74.9,7.19,Yes,Yes,7.48
S1888,CSE,3,Female,9.8,94,124,2,6.7,79.4,7.87,No,Yes,6.82
S1889,CSE,4,Female,13.2,87,117,3,7.3,58.6,6.42,No,Yes,6.38
S1890,EEE,1,Male,9.1,99,147,3,7.0,99.3,7.26,No,No,
S1891,MECH,2,Female,21.9,93,120,4,6.0,71.3,8.25,Yes,No,
S1892,MECH,4,Female,1.5,98,112,2,6.2,85.3,5.73,No,Yes,4.13
S1893,IT,1,Female,13.8,96,113,5,5.6,81.0,6.84,Yes,No,
S1894,ECE,3,Male,8.2,116,126,1,6.6,81.0,7.69,No,Yes,7.14
S1895,CSE,3,Female,12.5,76,113,4,8.0,90.1,6.33,No,Yes,4.88
S1896,CSE,3,Male,11.0,87,130,0,6.8,98.7,5.68,No,No,
S1897,MECH,1,Male,5.7,94,123,6,7.7,84.5,7.89,No,Yes,7.62
S1898,CSE,2,Male,10.0,91,132,2,8.4,88.6,7.47,No,Yes,6.73
S1899,CSE,4,Male,0.6,95,112,2,6.2,85.3,6.55,Yes,Yes,6.75
S1900,CSE,3,Male,11.7,100,121,1,6.6,92.2,6.67,No,Yes,8.6
S1901,CSE,1,Female,10.3,86,118,4,9.2,77.4,6.57,No,Yes,4.77
S1902,CSE,4,Male,11.9,102,127,1,8.4,92.8,6.9,No,No,
S1903,ECE,1,Male,13.8,98,109,4,5.0,93.1,8.12,No,Yes,10.73
S1904,IT,4,Male,10.7,94,111,3,7.2,92.8,7.0,No,Yes,7.14
S1905,MECH,1,Male,9.7,97,116,2,6.8,75.4,8.06,No,Yes,6.11
S1906,MECH,4,Female,5.0,88,121,3,7.7,80.3,5.95,No,No,
S1907,IT,2,Male,5.8,79,107,3,6.0,84.4,6.54,No,No,
S1908,CSE,2,Male,14.3,102,118,3,5.9,68.3,6.71,No,Yes,8.7
S1909,IT,1,Male,15.5,95,122,1,6.1,97.9,6.17,Yes,Yes,6.54
S1910,ECE,2,Male,7.9,93,127,2,6.2,81.9,6.48,No,Yes,7.31
S1911,CSE,4,Male,9.2,100,112,4,7.7,84.8,7.14,No,Yes,5.56
S1912,ECE,4,Female,4.9,86,144,2,5.5,76.2,6.75,Yes,Yes,5.3
S1913,IT,2,Female,14.3,90,120,5,6.1,68.7,8.53,Yes,Yes,8.8
S1914,ECE,2,Male,12.0,95,98,4,4.8,76.0,7.25,Yes,No,
S1915,IT,3,Female,17.7,72,106,4,7.9,84.2,7.91,No,Yes,8.04
S1916,CSE,4,Female,5.0,107,121,3,8.2,88.7,6.66,No,No,
S1917,CIVIL,3,Female,7.3,85,108,1,6.4,83.6,7.53,No,No,
S1918,EEE,2,Male,10.0,92,115,0,6.5,85.5,8.04,Yes,Yes,9.11
S1919,CSE,2,Male,11.9,103,114,2,7.3,78.6,7.13,No,Yes,6.34
S1920,MECH,3,Male,8.0,75,110,1,8.4,87.0,5.8,No,Yes,6.13
S1921,IT,1,Female,5.1,93,118,1,7.2,96.8,6.04,No,Yes,4.59
S1922,MECH,3,Female,13.0,116,112,4,6.0,89.0,7.28,No,Yes,10.17
S1923,EEE,2,Male,12.2,88,121,1,5.0,90.1,6.98,No,Yes,5.68
S1924,IT,4,Male,4.9,108,119,3,5.6,84.9,7.05,No,Yes,5.86
S1925,CSE,1,Female,15.1,103,140,5,6.9,67.0,7.49,No,Yes,8.93
S1926,CSE,3,Female,14.3,96,114,4,6.1,71.6,7.05,Yes,Yes,8.21
S1927,ECE,3,Female,9.6,82,112,5,7.0,86.5,6.52,No,Yes,7.22
S1928,ECE,3,Female,9.4,88,128,4,6.2,81.9,7.09,Yes,Yes,8.13
S1929,CSE,1,Male,11.5,102,99,4,5.6,86.4,8.19,Yes,Yes,7.48
S1930,CSE,3,Male,5.1,98,131,2,5.5,98.8,7.18,No,Yes,8.71
S1931,MECH,3,Female,9.1,76,125,0,8.5,89.3,6.75,No,No,
S1932,CIVIL,3,Male,0.5,93,136,2,7.8,94.6,6.95,Yes,No,
S1933,ECE,3,Male,12.9,110,121,5,8.7,82.9,6.92,Yes,Yes,7.71
S1934,CSE,3,Female,2.0,98,135,6,7.4,73.9,6.38,No,No,
S1935,CSE,4,Male,15.8,70,114,1,6.3,81.4,6.28,No,No,
S1936,CSE,2,Female,7.5,88,110,0,8.3,74.0,6.24,No,Yes,6.91
S1937,CIVIL,4,Male,8.0,117,134,4,6.8,97.6,6.63,No,No,
S1938,CSE,3,Female,6.2,105,117,4,7.0,89.9,7.55,Yes,Yes,8.4
S1939,ECE,1,Male,7.7,96,115,5,6.8,87.2,6.59,No,No,
S1940,CSE,1,Male,15.4,114,108,3,4.0,94.4,6.6,Yes,Yes,9.95
S1941,ECE,2,Male,0.5,100,112,1,8.6,61.8,7.37,No,Yes,7.04
S1942,ECE,4,Male,14.7,95,116,5,7.3,87.9,6.92,Yes,Yes,7.5
S1943,MECH,3,Female,10.5,96,102,2,7.2,68.9,6.77,No,No,
S1944,CSE,4,Female,3.6,98,123,4,6.7,81.9,6.9,No,Yes,5.02
S1945,CSE,3,Male,4.2,98,118,1,7.0,78.9,5.58,No,Yes,6.52
S1946,CSE,2,Male,16.5,85,120,4,6.1,88.6,7.97,Yes,Yes,7.06
S1947,CIVIL,1,Male,4.7,117,107,6,7.5,84.3,7.33,No,No,
S1948,MECH,2,Male,3.8,93,105,1,5.4,95.5,7.35,No,Yes,6.71
S1949,ECE,2,Female,14.1,98,123,3,7.0,76.0,6.52,No,Yes,8.18
S1950,ECE,1,Female,10.5,92,112,2,7.4,89.1,6.78,No,Yes,6.72
S1951,ECE,2,Female,4.8,123,111,2,6.6,83.6,6.56,No,Yes,7.24
S1952,CSE,3,Female,10.0,91,110,4,7.2,65.6,6.99,No,Yes,7.06
S1953,CIVIL,3,Male,4.4,86,121,5,5.7,72.8,5.73,No,Yes,6.01
S1954,IT,4,Female,14.0,86,108,1,5.7,80.5,6.8,No,No,
S1955,IT,4,Female,13.8,94,130,2,7.1,93.1,5.96,Yes,No,
S1956,IT,3,Female,11.4,79,117,4,7.5,86.6,7.14,Yes,No,
S1957,CSE,2,Female,10.6,107,112,4,4.7,70.3,5.53,No,Yes,5.31
S1958,CSE,3,Male,16.9,106,122,4,7.4,80.6,6.02,No,No,
S1959,EEE,4,Female,9.0,95,144,6,6.2,100.0,7.62,No,Yes,7.87
S1960,CSE,1,Male,3.7,106,129,3,6.6,83.1,6.18,No,No,
S1961,ECE,2,Male,11.0,87,114,4,5.3,78.7,6.25,No,No,
S1962,CSE,4,Male,18.4,104,122,4,5.9,86.9,8.13,No,Yes,7.6
S1963,IT,2,Female,4.4,91,120,1,7.9,89.6,6.55,No,No,
S1964,CSE,3,Female,7.4,96,102,2,6.8,77.4,7.12,No,Yes,6.29
S1965,IT,3,Female,10.9,112,136,1,6.4,87.0,6.58,No,Yes,6.65
S1966,EEE,1,Female,8.8,78,106,2,6.7,78.7,8.31,No,No,
S1967,CSE,2,Male,4.6,100,118,1,7.3,89.2,5.98,No,Yes,5.38
S1968,ECE,2,Female,14.0,94,106,8,7.3,83.7,8.6,No,Yes,8.1
S1969,IT,1,Male,19.4,85,105,2,6.7,86.8,7.05,No,No,
S1970,ECE,1,Male,9.9,123,129,2,8.0,74.4,5.66,No,Yes,9.31
S1971,CIVIL,4,Male,4.9,95,126,6,7.9,73.8,7.14,No,No,
S1972,EEE,2,Female,2.0,97,117,2,7.3,91.5,6.56,Yes,No,
S1973,CSE,3,Female,10.2,83,92,2,6.9,81.2,5.97,Yes,Yes,7.01
S1974,CSE,2,Male,14.0,90,110,0,7.5,84.9,6.06,No,Yes,6.24
S1975,CSE,4,Male,11.1,97,133,1,7.1,78.9,6.61,No,Yes,7.11
S1976,ECE,2,Female,9.0,103,125,1,8.0,91.0,6.81,No,Yes,6.01
S1977,CSE,2,Male,6.3,91,123,4,7.8,75.9,5.08,No,Yes,5.82
S1978,IT,4,Female,4.1,87,122,2,5.7,80.6,7.07,No,Yes,6.53
S1979,ECE,4,Female,12.8,85,105,5,5.6,89.9,6.78,Yes,Yes,7.46
S1980,IT,1,Male,13.1,84,135,3,6.0,93.7,6.06,No,Yes,6.73
S1981,EEE,4,Male,2.0,101,125,3,7.9,76.8,7.04,No,No,
S1982,CSE,2,Female,16.2,92,116,5,5.1,100.0,7.29,Yes,Yes,8.53
S1983,CSE,3,Female,11.6,97,115,3,7.2,85.1,7.66,No,Yes,7.57
S1984,EEE,1,Male,15.3,78,127,3,7.2,71.6,7.22,No,No,
S1985,IT,1,Female,3.0,78,143,5,8.1,85.7,6.63,No,Yes,7.84
S1986,ECE,3,Male,2.9,112,120,4,7.0,78.2,6.5,Yes,Yes,9.2
S1987,IT,3,Male,8.3,91,139,1,5.3,86.3,6.82,Yes,Yes,4.99
S1988,CSE,2,Female,11.3,102,122,4,5.7,81.6,6.69,No,Yes,8.23
S1989,MECH,3,Female,17.1,100,111,3,5.5,82.7,6.56,No,Yes,7.8
S1990,EEE,4,Male,12.2,94,141,1,6.2,72.9,7.05,Yes,Yes,6.47
S1991,ECE,1,Female,7.9,85,118,3,6.6,91.9,6.59,No,Yes,6.76
S1992,CSE,3,Male,4.4,94,139,2,5.5,70.4,6.41,Yes,No,
S1993,ECE,1,Male,14.5,92,119,3,8.4,70.9,7.65,No,No,
S1994,IT,4,Male,4.7,102,110,1,5.3,85.7,6.3,Yes,Yes,7.0
S1995,CSE,3,Female,16.3,81,122,1,8.3,98.0,6.88,No,Yes,7.76
S1996,CIVIL,4,Male,7.7,112,120,2,8.1,78.5,6.23,No,No,
S1997,CSE,1,Male,16.2,96,134,4,7.8,89.0,7.46,No,Yes,7.82
S1998,CIVIL,1,Male,12.1,91,117,2,6.0,92.7,7.02,No,Yes,7.24
S1999,IT,2,Female,8.4,96,125,2,7.2,90.1,7.22,No,No,
