date,visits,signups,page_load_ms,error_count,deployment_flag
01-01-2025,1258,78,218.1,2,0
02-01-2025,1181,52,211,4,0
03-01-2025,1292,56,219.9,1,0
04-01-2025,1017,52,206.6,5,0
05-01-2025,847,48,215,4,0
06-01-2025,1179,59,212.8,2,0
07-01-2025,1269,77,224,1,0
08-01-2025,1246,71,224.5,1,0
09-01-2025,1267,72,180.8,2,0
10-01-2025,1220,66,169.5,3,0
11-01-2025,1038,71,228,4,0
12-01-2025,1035,50,231.4,4,0
13-01-2025,1286,44,191.6,3,0
14-01-2025,1353,85,176.5,2,0
15-01-2025,1317,61,211.8,1,0
16-01-2025,1241,63,226.8,4,0
17-01-2025,1318,80,242.4,6,0
18-01-2025,952,35,219.3,2,0
19-01-2025,1066,43,203.3,5,0
20-01-2025,1304,48,193.9,0,0
21-01-2025,1299,57,210.2,3,0
22-01-2025,1273,68,204.6,4,0
23-01-2025,1390,75,191.7,4,0
24-01-2025,1311,68,246.9,0,0
25-01-2025,1008,39,242.1,3,0
26-01-2025,1016,32,230.4,4,0
27-01-2025,1363,69,193.4,2,0
28-01-2025,1356,63,225.4,2,0
29-01-2025,1363,73,221.5,2,0
30-01-2025,1367,76,218,2,0
31-01-2025,1473,75,232.5,1,0
01-02-2025,1034,58,221.4,3,0
02-02-2025,1031,53,223.3,3,0
03-02-2025,1307,71,221.5,2,0
04-02-2025,1396,62,216.1,5,0
05-02-2025,1430,69,177.9,5,0
06-02-2025,1359,70,211.5,5,0
07-02-2025,1319,75,200,2,0
08-02-2025,1034,48,187,1,0
09-02-2025,1126,61,240.3,4,0
10-02-2025,1425,68,241.1,5,0
11-02-2025,1416,69,234.5,4,0
12-02-2025,1347,76,214.6,2,0
13-02-2025,1404,48,234.3,2,0
14-02-2025,1401,56,210.2,3,0
15-02-2025,1121,43,213.7,4,0
16-02-2025,1163,36,190.3,4,0
17-02-2025,1418,63,217.1,0,0
18-02-2025,1449,81,211.1,2,0
19-02-2025,1416,68,186.6,4,0
20-02-2025,1432,74,209.1,4,0
21-02-2025,1456,85,208.6,1,0
22-02-2025,1045,63,242.4,6,0
23-02-2025,1116,55,226.1,3,0
24-02-2025,1401,85,210.2,6,0
25-02-2025,1394,71,214.5,1,0
26-02-2025,1419,61,210.8,5,0
27-02-2025,1529,69,206.3,3,0
28-02-2025,1391,53,190.5,3,0
01-03-2025,1215,52,207.3,3,0
02-03-2025,1059,50,196.6,2,0
03-03-2025,1433,81,187.5,4,0
04-03-2025,1467,94,219.2,5,0
05-03-2025,1496,58,217,3,0
06-03-2025,1507,80,177.8,3,0
07-03-2025,1515,63,207.8,3,0
08-03-2025,1160,62,227.9,4,0
09-03-2025,1157,57,229.1,2,0
10-03-2025,1529,54,228.5,3,0
11-03-2025,1470,84,210.7,4,0
12-03-2025,1408,64,194.8,5,0
13-03-2025,1421,65,190.5,6,0
14-03-2025,1437,60,216.2,2,0
15-03-2025,1235,55,216.8,2,0
16-03-2025,1218,65,233.2,2,0
17-03-2025,1544,75,229.8,1,0
18-03-2025,1480,78,207.6,5,0
19-03-2025,1519,80,187.6,0,0
20-03-2025,1551,94,204.3,1,0
21-03-2025,1498,71,213.9,4,0
22-03-2025,1257,48,206.4,5,0
23-03-2025,1194,70,199.6,1,0
24-03-2025,1505,71,214.6,5,0
25-03-2025,1508,89,200.9,4,0
26-03-2025,1462,78,198.7,3,0
27-03-2025,1567,77,215.6,2,0
28-03-2025,1513,80,202.8,5,0
29-03-2025,1255,82,214.4,1,0
30-03-2025,1287,86,214.9,2,0
31-03-2025,1578,80,189.5,4,0
01-04-2025,1595,82,201.3,7,0
02-04-2025,1553,91,235.9,6,0
03-04-2025,1537,66,189.1,4,0
04-04-2025,1561,82,171.9,4,0
05-04-2025,1178,59,176.5,2,0
06-04-2025,1196,63,210.5,2,0
07-04-2025,1497,65,210.6,4,0
08-04-2025,1520,57,207.9,2,0
09-04-2025,1607,54,231.9,1,0
10-04-2025,1532,63,161.9,2,0
11-04-2025,1567,73,217.1,6,0
12-04-2025,1381,66,238.1,2,0
13-04-2025,1286,84,189.7,3,0
14-04-2025,1645,97,203.2,1,0
15-04-2025,1548,65,196.4,2,0
16-04-2025,1595,84,193.9,5,0
17-04-2025,1554,73,204.1,6,0
18-04-2025,1594,76,235.7,0,0
19-04-2025,1378,71,243.1,4,0
20-04-2025,1228,67,204,2,0
21-04-2025,1651,78,244.3,7,0
22-04-2025,1643,96,210.6,4,0
23-04-2025,1596,65,241.6,1,0
24-04-2025,1549,78,208.3,2,0
25-04-2025,1643,116,212.4,3,0
26-04-2025,1321,68,216.6,3,0
27-04-2025,1370,84,267.2,3,0
28-04-2025,1651,84,225.3,3,0
29-04-2025,1749,96,197.3,4,0
30-04-2025,1642,81,227.4,1,0
01-05-2025,1599,78,203.5,2,0
02-05-2025,1674,73,201.2,3,0
03-05-2025,1390,74,226.4,3,0
04-05-2025,1462,63,210.6,2,0
05-05-2025,1724,95,215,7,0
06-05-2025,1699,100,210.3,3,0
07-05-2025,1769,94,216.1,1,0
08-05-2025,1613,77,217.6,5,0
09-05-2025,1650,88,175.1,2,0
10-05-2025,1346,64,222,4,0
11-05-2025,1382,79,192.3,0,1
12-05-2025,1616,57,184,3,0
13-05-2025,1740,82,208.9,4,0
14-05-2025,1692,58,211.5,4,0
15-05-2025,1621,62,197.5,9,0
16-05-2025,1652,101,225,1,0
17-05-2025,1445,83,185.8,4,0
18-05-2025,1480,65,202.7,5,0
19-05-2025,1843,70,199.5,9,0
20-05-2025,1901,50,209.2,4,0
21-05-2025,1755,80,215,5,0
22-05-2025,1674,116,191.9,2,0
23-05-2025,1609,86,223,3,0
24-05-2025,1467,67,211.1,1,0
25-05-2025,1405,75,175.9,1,1
26-05-2025,1723,65,174.7,2,0
27-05-2025,1714,82,209.8,5,0
28-05-2025,1746,89,206,3,0
29-05-2025,1822,90,208.1,0,1
30-05-2025,1771,100,209.5,6,0
31-05-2025,1465,77,214.1,4,0
01-06-2025,1416,78,227.1,5,0
02-06-2025,1672,74,190,1,0
03-06-2025,1746,100,188.9,1,0
04-06-2025,1776,112,190.3,2,0
05-06-2025,1889,80,215.2,3,0
06-06-2025,1794,77,232.4,6,1
07-06-2025,1558,95,202.2,3,0
08-06-2025,1473,71,165,1,0
09-06-2025,1725,106,179.3,4,0
10-06-2025,1742,81,195,3,0
11-06-2025,1760,108,200,3,0
12-06-2025,1935,99,202.6,4,0
13-06-2025,1761,92,210.7,3,0
14-06-2025,1574,98,204.4,2,0
15-06-2025,1473,69,228.9,3,0
16-06-2025,1877,80,197.8,6,1
17-06-2025,1848,86,194.5,4,0
18-06-2025,1819,98,218.6,6,0
19-06-2025,1829,69,182.4,1,0
20-06-2025,1796,99,217,1,0
21-06-2025,1575,72,211.8,3,0
22-06-2025,1525,90,207.3,3,0
23-06-2025,1772,55,238.6,4,0
24-06-2025,1772,77,198.8,6,0
25-06-2025,1863,68,247.1,2,0
26-06-2025,1951,85,205.9,7,0
27-06-2025,1869,97,187,7,0
28-06-2025,1566,76,211.3,2,0
29-06-2025,1594,76,190.6,5,0
30-06-2025,1948,95,196.5,1,0
01-07-2025,1887,97,217.1,3,0
02-07-2025,1852,78,220,2,0
03-07-2025,1947,108,198.8,2,0
04-07-2025,1910,106,227.8,1,0
05-07-2025,1690,90,230.8,1,0
06-07-2025,1612,88,235.9,0,0
07-07-2025,1821,95,219.5,3,0
08-07-2025,1816,120,234.5,1,0
09-07-2025,2001,99,176.1,2,1
10-07-2025,2008,95,204.3,3,0
11-07-2025,1898,83,194.4,5,0
12-07-2025,1599,67,212.1,3,0
13-07-2025,1713,69,199.7,0,0
14-07-2025,1853,79,207,2,0
15-07-2025,1869,92,243.9,6,0
16-07-2025,1965,104,206.9,3,0
17-07-2025,1906,96,217.4,2,0
18-07-2025,1933,85,205.8,3,0
19-07-2025,1637,94,211.4,1,0
20-07-2025,1670,93,210.1,2,0
21-07-2025,2028,99,218.1,5,0
22-07-2025,1952,87,231,5,1
23-07-2025,1989,108,239.7,2,0
24-07-2025,1831,94,215.6,5,0
25-07-2025,1955,75,220.6,2,0
26-07-2025,1620,80,189.3,5,0
27-07-2025,1601,83,208.4,4,0
28-07-2025,1915,82,226.9,3,0
29-07-2025,1951,101,225.6,2,0
30-07-2025,1721,78,434.3,31,1
31-07-2025,1459,115,499.4,45,0
01-08-2025,1575,119,479,57,0
02-08-2025,1477,80,471.5,52,0
03-08-2025,1281,89,489.3,48,0
04-08-2025,2053,63,203.6,3,0
05-08-2025,2028,83,216,0,0
06-08-2025,2080,99,157.2,3,0
07-08-2025,1994,83,216.9,0,0
08-08-2025,1965,109,144.3,2,0
09-08-2025,1707,113,179,4,0
10-08-2025,1738,71,218.1,3,0
11-08-2025,2028,88,218.6,2,0
12-08-2025,1955,101,189.1,7,0
13-08-2025,2029,128,197.2,2,0
14-08-2025,2041,82,234.7,2,0
15-08-2025,2182,113,201.3,5,0
16-08-2025,1857,120,250.4,1,0
17-08-2025,1697,62,210,3,0
18-08-2025,2024,80,217.3,4,0
19-08-2025,1957,91,239.1,4,0
20-08-2025,2013,92,212.4,3,0
21-08-2025,2071,117,192,1,0
22-08-2025,2128,111,208,3,0
23-08-2025,1725,62,209.4,3,0
24-08-2025,1733,94,185.4,5,0
25-08-2025,1937,88,205.4,2,0
26-08-2025,2060,124,196.6,2,0
27-08-2025,2009,90,226.6,4,0
28-08-2025,2045,92,210.6,4,0
29-08-2025,2027,110,204.9,2,0
30-08-2025,1788,100,208.1,1,1
31-08-2025,1692,91,214,2,0
01-09-2025,2002,73,221.1,1,0
02-09-2025,2222,121,192,1,0
03-09-2025,2020,84,191.3,2,0
04-09-2025,2035,106,229.9,2,0
05-09-2025,2215,86,202.6,1,0
06-09-2025,1992,107,184.5,5,0
07-09-2025,1751,76,218,6,0
08-09-2025,2093,83,218.3,3,0
09-09-2025,2139,119,182.4,3,0
10-09-2025,2226,116,214.1,0,0
11-09-2025,2066,93,223.2,4,0
12-09-2025,2114,130,216.7,2,0
13-09-2025,1889,88,221.4,2,0
14-09-2025,1872,94,184.7,4,0
15-09-2025,2117,110,216,3,1
16-09-2025,2135,96,204.6,2,0
17-09-2025,2064,111,201.3,3,0
18-09-2025,2136,98,225.7,5,0
19-09-2025,2138,100,236.6,3,0
20-09-2025,1881,115,242.3,3,0
21-09-2025,1837,77,233.7,1,0
22-09-2025,2192,67,208,2,0
23-09-2025,2228,140,216.3,2,0
24-09-2025,2180,153,223.8,4,0
25-09-2025,2196,103,212.2,2,0
26-09-2025,2181,75,212.4,2,0
27-09-2025,1892,90,224.8,3,0
28-09-2025,1852,88,208.9,3,0
29-09-2025,2207,107,196.9,3,0
30-09-2025,2186,90,202.5,3,0
01-10-2025,2321,127,221.4,0,0
02-10-2025,2293,124,210.1,3,0
03-10-2025,2226,85,216.1,4,0
04-10-2025,1870,104,222.1,3,0
05-10-2025,1853,123,203.3,2,0
06-10-2025,2284,117,223.6,2,0
07-10-2025,2232,106,216.8,4,0
08-10-2025,2249,110,187.8,5,0
09-10-2025,2119,116,236,4,0
10-10-2025,2283,83,201,3,0
11-10-2025,1968,101,180.2,7,0
12-10-2025,1877,88,191.2,4,0
13-10-2025,2209,143,191.6,2,0
14-10-2025,2257,110,210.9,1,0
15-10-2025,2248,142,205.1,3,0
16-10-2025,2230,92,203.9,4,0
17-10-2025,2245,123,221.2,0,0
18-10-2025,1950,102,216.1,1,0
19-10-2025,1978,85,215.7,0,0
20-10-2025,2350,121,217.4,6,0
21-10-2025,2112,126,221.1,5,0
22-10-2025,2255,107,172.1,2,0
23-10-2025,2283,83,203.4,2,0
24-10-2025,2294,114,170.8,2,0
25-10-2025,1967,84,210.6,1,0
26-10-2025,1888,89,209.9,1,0
27-10-2025,2306,114,228.8,2,0
28-10-2025,2394,87,231.4,5,0
29-10-2025,2201,82,213.6,5,1
30-10-2025,2349,127,201,1,0
31-10-2025,2281,105,218.7,3,0
01-11-2025,2010,59,200.5,3,0
02-11-2025,1954,110,210,1,0
03-11-2025,2291,120,227.8,3,0
04-11-2025,2393,106,200,3,0
05-11-2025,2353,93,224.5,1,0
06-11-2025,2425,137,222.2,5,0
07-11-2025,2396,126,192.8,3,0
08-11-2025,2065,143,227.5,2,0
09-11-2025,2147,115,222.6,3,0
10-11-2025,2362,125,211.8,3,0
11-11-2025,2389,116,196.3,0,1
12-11-2025,2325,131,194.5,0,0
13-11-2025,2350,129,200.3,2,0
14-11-2025,2308,139,219.8,2,0
15-11-2025,2122,97,192.8,2,0
16-11-2025,1996,93,217.9,3,0
17-11-2025,2407,111,187.6,2,0
18-11-2025,2352,132,206.3,6,0
19-11-2025,2437,151,212,5,0
20-11-2025,2416,112,254,2,0
21-11-2025,2483,116,185.2,1,0
22-11-2025,2131,112,236.5,2,0
23-11-2025,1997,96,212.7,3,0
24-11-2025,2380,137,217.4,1,0
25-11-2025,2318,74,212.1,6,0
26-11-2025,2360,102,218,6,0
27-11-2025,2486,109,207.2,3,0
28-11-2025,2437,77,236.2,0,0
29-11-2025,2070,88,201.8,5,1
30-11-2025,2055,88,230.4,4,0
01-12-2025,2411,117,198.4,4,0
02-12-2025,2340,138,208.9,4,1
03-12-2025,2376,114,190.7,5,0
04-12-2025,2438,102,218.2,1,0
05-12-2025,2492,123,236,1,0
06-12-2025,2173,127,208.6,3,0
07-12-2025,2003,85,206.5,1,1
08-12-2025,2452,105,189.9,4,0
09-12-2025,2441,133,205.9,3,0
10-12-2025,2465,119,181.3,5,0
11-12-2025,2541,140,193.6,1,0
12-12-2025,2324,116,214.1,4,0
13-12-2025,2126,118,233.7,6,0
14-12-2025,2200,92,260.6,1,0
15-12-2025,2363,118,199.4,2,0
16-12-2025,2550,123,235.8,2,0
17-12-2025,2487,100,214.4,4,0
18-12-2025,2519,94,207.3,7,0
19-12-2025,2438,135,217.8,4,0
20-12-2025,2234,105,211.1,3,0
21-12-2025,2253,94,212,2,0
22-12-2025,2496,123,202.7,3,0
23-12-2025,2500,148,184.8,4,0
24-12-2025,2506,80,182.2,1,0
25-12-2025,2441,93,221.8,2,0
26-12-2025,2488,106,205,5,0
27-12-2025,2201,136,199.3,0,0
28-12-2025,2237,117,210.2,3,0
29-12-2025,2567,144,224.3,7,0
30-12-2025,2447,100,213.2,1,0
31-12-2025,2506,103,198.2,2,0
